kabupaten,adm4,provinsi,kota_kabupaten,kecamatan,desa,lat,lon,utc_datetime,local_datetime,analysis_date,suhu_c,kelembapan_pct,curah_hujan_mm,tutupan_awan_pct,kecepatan_angin,arah_angin,jarak_pandang,kondisi_cuaca,kondisi_cuaca_en,icon_cuaca
Lampung Selatan,18.01.04.2001,Lampung,Lampung Selatan,Natar,Hajimena,-5.3522829866,105.2251949247,2026-03-28 00:00:00,2026-03-28 07:00:00,2026-03-27T12:00:00,24,92,0.1,89,4.0,W,> 10 km,Cerah Berawan,Partly Cloudy,
Lampung Selatan,18.01.04.2001,Lampung,Lampung Selatan,Natar,Hajimena,-5.3522829866,105.2251949247,2026-03-28 03:00:00,2026-03-28 10:00:00,2026-03-27T12:00:00,28,77,0.3,91,2.8,NE,> 10 km,Berawan,Mostly Cloudy,
Lampung Selatan,18.01.04.2001,Lampung,Lampung Selatan,Natar,Hajimena,-5.3522829866,105.2251949247,2026-03-28 06:00:00,2026-03-28 13:00:00,2026-03-27T12:00:00,26,85,3.0,100,4.7,SE,> 10 km,Hujan Ringan,Light Rain,
Lampung Selatan,18.01.04.2001,Lampung,Lampung Selatan,Natar,Hajimena,-5.3522829866,105.2251949247,2026-03-28 09:00:00,2026-03-28 16:00:00,2026-03-27T12:00:00,25,93,0.2,100,1.6,N,< 7 km,Berawan,Mostly Cloudy,
Lampung Selatan,18.01.04.2001,Lampung,Lampung Selatan,Natar,Hajimena,-5.3522829866,105.2251949247,2026-03-28 12:00:00,2026-03-28 19:00:00,2026-03-27T12:00:00,24,97,0.3,100,4.4,W,> 10 km,Berawan,Mostly Cloudy,
Lampung Selatan,18.01.04.2001,Lampung,Lampung Selatan,Natar,Hajimena,-5.3522829866,105.2251949247,2026-03-28 15:00:00,2026-03-28 22:00:00,2026-03-27T12:00:00,23,98,2.0,100,1.0,S,> 10 km,Hujan Ringan,Light Rain,
Lampung Selatan,18.01.04.2001,Lampung,Lampung Selatan,Natar,Hajimena,-5.3522829866,105.2251949247,2026-03-28 18:00:00,2026-03-29 01:00:00,2026-03-27T12:00:00,23,98,3.3,100,3.4,SW,> 10 km,Hujan Ringan,Light Rain,
Lampung Selatan,18.01.04.2001,Lampung,Lampung Selatan,Natar,Hajimena,-5.3522829866,105.2251949247,2026-03-28 21:00:00,2026-03-29 04:00:00,2026-03-27T12:00:00,22,99,0.3,100,1.0,SW,< 3 km,Udara Kabur,Mist/Haze,
Lampung Selatan,18.01.04.2001,Lampung,Lampung Selatan,Natar,Hajimena,-5.3522829866,105.2251949247,2026-03-29 00:00:00,2026-03-29 07:00:00,2026-03-27T12:00:00,24,91,0.1,94,2.4,W,< 5 km,Udara Kabur,Mist/Haze,
Lampung Selatan,18.01.04.2001,Lampung,Lampung Selatan,Natar,Hajimena,-5.3522829866,105.2251949247,2026-03-29 03:00:00,2026-03-29 10:00:00,2026-03-27T12:00:00,28,75,0.3,91,7.4,N,> 10 km,Berawan,Mostly Cloudy,
Lampung Selatan,18.01.04.2001,Lampung,Lampung Selatan,Natar,Hajimena,-5.3522829866,105.2251949247,2026-03-29 06:00:00,2026-03-29 13:00:00,2026-03-27T12:00:00,30,71,0.3,100,5.1,N,> 10 km,Berawan,Mostly Cloudy,
Lampung Selatan,18.01.04.2001,Lampung,Lampung Selatan,Natar,Hajimena,-5.3522829866,105.2251949247,2026-03-29 09:00:00,2026-03-29 16:00:00,2026-03-27T12:00:00,26,87,0.8,100,6.9,E,> 10 km,Berawan,Mostly Cloudy,
Lampung Selatan,18.01.04.2001,Lampung,Lampung Selatan,Natar,Hajimena,-5.3522829866,105.2251949247,2026-03-29 12:00:00,2026-03-29 19:00:00,2026-03-27T12:00:00,24,97,0.5,94,2.7,W,> 10 km,Berawan,Mostly Cloudy,
Lampung Selatan,18.01.04.2001,Lampung,Lampung Selatan,Natar,Hajimena,-5.3522829866,105.2251949247,2026-03-29 15:00:00,2026-03-29 22:00:00,2026-03-27T12:00:00,23,96,0.1,89,3.7,SW,> 10 km,Cerah Berawan,Partly Cloudy,
Lampung Selatan,18.01.04.2001,Lampung,Lampung Selatan,Natar,Hajimena,-5.3522829866,105.2251949247,2026-03-29 18:00:00,2026-03-30 01:00:00,2026-03-27T12:00:00,22,99,0.0,98,1.8,W,< 9 km,Berawan,Mostly Cloudy,
Lampung Selatan,18.01.04.2001,Lampung,Lampung Selatan,Natar,Hajimena,-5.3522829866,105.2251949247,2026-03-29 21:00:00,2026-03-30 04:00:00,2026-03-27T12:00:00,22,98,0.0,97,4.2,SW,< 6 km,Berawan,Mostly Cloudy,
Lampung Selatan,18.01.04.2001,Lampung,Lampung Selatan,Natar,Hajimena,-5.3522829866,105.2251949247,2026-03-30 00:00:00,2026-03-30 07:00:00,2026-03-27T12:00:00,25,92,0.2,99,2.9,SE,< 5 km,Udara Kabur,Mist/Haze,
Lampung Selatan,18.01.04.2001,Lampung,Lampung Selatan,Natar,Hajimena,-5.3522829866,105.2251949247,2026-03-30 03:00:00,2026-03-30 10:00:00,2026-03-27T12:00:00,29,73,0.2,99,8.7,NE,> 10 km,Berawan,Mostly Cloudy,
Lampung Selatan,18.01.04.2001,Lampung,Lampung Selatan,Natar,Hajimena,-5.3522829866,105.2251949247,2026-03-30 06:00:00,2026-03-30 13:00:00,2026-03-27T12:00:00,29,73,0.3,100,8.7,NE,> 10 km,Berawan,Mostly Cloudy,
Lampung Selatan,18.01.04.2001,Lampung,Lampung Selatan,Natar,Hajimena,-5.3522829866,105.2251949247,2026-03-30 09:00:00,2026-03-30 16:00:00,2026-03-27T12:00:00,26,84,0.3,96,4.6,E,> 10 km,Berawan,Mostly Cloudy,
Lampung Selatan,18.01.04.2001,Lampung,Lampung Selatan,Natar,Hajimena,-5.3522829866,105.2251949247,2026-03-30 12:00:00,2026-03-30 19:00:00,2026-03-27T12:00:00,24,96,0.0,99,4.6,E,> 10 km,Berawan,Mostly Cloudy,
Lampung Selatan,18.01.04.2001,Lampung,Lampung Selatan,Natar,Hajimena,-5.3522829866,105.2251949247,2026-03-30 15:00:00,2026-03-30 22:00:00,2026-03-27T12:00:00,24,94,0.0,100,1.8,W,> 10 km,Berawan,Mostly Cloudy,
Lampung Tengah,18.02.01.2001,Lampung,Lampung Tengah,Kalirejo,Sri Way Langsep,-5.2488831366,104.9242667596,2026-03-28 00:00:00,2026-03-28 07:00:00,2026-03-27T12:00:00,25,89,0.1,86,4.0,E,> 10 km,Cerah Berawan,Partly Cloudy,
Lampung Tengah,18.02.01.2001,Lampung,Lampung Tengah,Kalirejo,Sri Way Langsep,-5.2488831366,104.9242667596,2026-03-28 03:00:00,2026-03-28 10:00:00,2026-03-27T12:00:00,29,78,0.7,66,4.0,E,> 10 km,Cerah Berawan,Partly Cloudy,
Lampung Tengah,18.02.01.2001,Lampung,Lampung Tengah,Kalirejo,Sri Way Langsep,-5.2488831366,104.9242667596,2026-03-28 06:00:00,2026-03-28 13:00:00,2026-03-27T12:00:00,26,84,1.7,98,3.9,N,> 10 km,Hujan Ringan,Light Rain,
Lampung Tengah,18.02.01.2001,Lampung,Lampung Tengah,Kalirejo,Sri Way Langsep,-5.2488831366,104.9242667596,2026-03-28 09:00:00,2026-03-28 16:00:00,2026-03-27T12:00:00,25,92,2.5,100,6.7,S,< 8 km,Hujan Ringan,Light Rain,
Lampung Tengah,18.02.01.2001,Lampung,Lampung Tengah,Kalirejo,Sri Way Langsep,-5.2488831366,104.9242667596,2026-03-28 12:00:00,2026-03-28 19:00:00,2026-03-27T12:00:00,24,97,1.3,99,5.3,NW,< 9 km,Hujan Ringan,Light Rain,
Lampung Tengah,18.02.01.2001,Lampung,Lampung Tengah,Kalirejo,Sri Way Langsep,-5.2488831366,104.9242667596,2026-03-28 15:00:00,2026-03-28 22:00:00,2026-03-27T12:00:00,24,98,0.0,97,1.2,N,> 10 km,Berawan,Mostly Cloudy,
Lampung Tengah,18.02.01.2001,Lampung,Lampung Tengah,Kalirejo,Sri Way Langsep,-5.2488831366,104.9242667596,2026-03-28 18:00:00,2026-03-29 01:00:00,2026-03-27T12:00:00,23,98,3.3,94,0.2,W,< 8 km,Hujan Ringan,Light Rain,
Lampung Tengah,18.02.01.2001,Lampung,Lampung Tengah,Kalirejo,Sri Way Langsep,-5.2488831366,104.9242667596,2026-03-28 21:00:00,2026-03-29 04:00:00,2026-03-27T12:00:00,23,98,0.0,100,1.7,E,< 500.0 m,Kabut/Asap,Fog/Smoke,
Lampung Tengah,18.02.01.2001,Lampung,Lampung Tengah,Kalirejo,Sri Way Langsep,-5.2488831366,104.9242667596,2026-03-29 00:00:00,2026-03-29 07:00:00,2026-03-27T12:00:00,25,90,0.0,94,1.3,W,< 4 km,Udara Kabur,Mist/Haze,
Lampung Tengah,18.02.01.2001,Lampung,Lampung Tengah,Kalirejo,Sri Way Langsep,-5.2488831366,104.9242667596,2026-03-29 03:00:00,2026-03-29 10:00:00,2026-03-27T12:00:00,28,74,0.3,89,1.9,N,> 10 km,Cerah Berawan,Partly Cloudy,
Lampung Tengah,18.02.01.2001,Lampung,Lampung Tengah,Kalirejo,Sri Way Langsep,-5.2488831366,104.9242667596,2026-03-29 06:00:00,2026-03-29 13:00:00,2026-03-27T12:00:00,30,69,1.0,91,2.3,E,> 10 km,Berawan,Mostly Cloudy,
Lampung Tengah,18.02.01.2001,Lampung,Lampung Tengah,Kalirejo,Sri Way Langsep,-5.2488831366,104.9242667596,2026-03-29 09:00:00,2026-03-29 16:00:00,2026-03-27T12:00:00,24,96,2.1,100,2.6,NE,> 10 km,Hujan Ringan,Light Rain,
Lampung Tengah,18.02.01.2001,Lampung,Lampung Tengah,Kalirejo,Sri Way Langsep,-5.2488831366,104.9242667596,2026-03-29 12:00:00,2026-03-29 19:00:00,2026-03-27T12:00:00,23,98,1.4,97,3.8,NW,> 10 km,Hujan Ringan,Light Rain,
Lampung Tengah,18.02.01.2001,Lampung,Lampung Tengah,Kalirejo,Sri Way Langsep,-5.2488831366,104.9242667596,2026-03-29 15:00:00,2026-03-29 22:00:00,2026-03-27T12:00:00,23,96,0.0,94,0.5,SW,> 10 km,Berawan,Mostly Cloudy,
Lampung Tengah,18.02.01.2001,Lampung,Lampung Tengah,Kalirejo,Sri Way Langsep,-5.2488831366,104.9242667596,2026-03-29 18:00:00,2026-03-30 01:00:00,2026-03-27T12:00:00,23,97,0.0,100,2.6,NW,< 5 km,Udara Kabur,Mist/Haze,
Lampung Tengah,18.02.01.2001,Lampung,Lampung Tengah,Kalirejo,Sri Way Langsep,-5.2488831366,104.9242667596,2026-03-29 21:00:00,2026-03-30 04:00:00,2026-03-27T12:00:00,22,98,0.0,100,0.8,SW,< 4 km,Udara Kabur,Mist/Haze,
Lampung Tengah,18.02.01.2001,Lampung,Lampung Tengah,Kalirejo,Sri Way Langsep,-5.2488831366,104.9242667596,2026-03-30 00:00:00,2026-03-30 07:00:00,2026-03-27T12:00:00,24,94,0.1,76,3.5,SW,< 3 km,Udara Kabur,Mist/Haze,
Lampung Tengah,18.02.01.2001,Lampung,Lampung Tengah,Kalirejo,Sri Way Langsep,-5.2488831366,104.9242667596,2026-03-30 03:00:00,2026-03-30 10:00:00,2026-03-27T12:00:00,29,72,0.1,85,4.7,E,> 10 km,Cerah Berawan,Partly Cloudy,
Lampung Tengah,18.02.01.2001,Lampung,Lampung Tengah,Kalirejo,Sri Way Langsep,-5.2488831366,104.9242667596,2026-03-30 06:00:00,2026-03-30 13:00:00,2026-03-27T12:00:00,29,78,0.7,100,4.7,E,> 10 km,Berawan,Mostly Cloudy,
Lampung Tengah,18.02.01.2001,Lampung,Lampung Tengah,Kalirejo,Sri Way Langsep,-5.2488831366,104.9242667596,2026-03-30 09:00:00,2026-03-30 16:00:00,2026-03-27T12:00:00,25,89,0.7,97,0.9,SE,> 10 km,Berawan,Mostly Cloudy,
Lampung Tengah,18.02.01.2001,Lampung,Lampung Tengah,Kalirejo,Sri Way Langsep,-5.2488831366,104.9242667596,2026-03-30 12:00:00,2026-03-30 19:00:00,2026-03-27T12:00:00,24,94,0.0,98,0.9,SE,> 10 km,Berawan,Mostly Cloudy,
Lampung Tengah,18.02.01.2001,Lampung,Lampung Tengah,Kalirejo,Sri Way Langsep,-5.2488831366,104.9242667596,2026-03-30 15:00:00,2026-03-30 22:00:00,2026-03-27T12:00:00,23,95,0.0,100,1.8,NW,< 6 km,Berawan,Mostly Cloudy,
Lampung Utara,18.03.01.1001,Lampung,Lampung Utara,Bukit Kemuning,Bukit Kemuning,-4.8547976637,104.5665214566,2026-03-28 00:00:00,2026-03-28 07:00:00,2026-03-27T12:00:00,24,90,0.1,87,3.7,S,> 10 km,Cerah Berawan,Partly Cloudy,
Lampung Utara,18.03.01.1001,Lampung,Lampung Utara,Bukit Kemuning,Bukit Kemuning,-4.8547976637,104.5665214566,2026-03-28 03:00:00,2026-03-28 10:00:00,2026-03-27T12:00:00,27,79,0.3,84,7.2,NE,> 10 km,Cerah Berawan,Partly Cloudy,
Lampung Utara,18.03.01.1001,Lampung,Lampung Utara,Bukit Kemuning,Bukit Kemuning,-4.8547976637,104.5665214566,2026-03-28 06:00:00,2026-03-28 13:00:00,2026-03-27T12:00:00,27,81,1.2,99,5.3,N,> 10 km,Hujan Ringan,Light Rain,
Lampung Utara,18.03.01.1001,Lampung,Lampung Utara,Bukit Kemuning,Bukit Kemuning,-4.8547976637,104.5665214566,2026-03-28 09:00:00,2026-03-28 16:00:00,2026-03-27T12:00:00,24,90,1.2,100,4.9,N,> 10 km,Hujan Ringan,Light Rain,
Lampung Utara,18.03.01.1001,Lampung,Lampung Utara,Bukit Kemuning,Bukit Kemuning,-4.8547976637,104.5665214566,2026-03-28 12:00:00,2026-03-28 19:00:00,2026-03-27T12:00:00,23,96,1.3,100,5.5,S,> 10 km,Hujan Ringan,Light Rain,
Lampung Utara,18.03.01.1001,Lampung,Lampung Utara,Bukit Kemuning,Bukit Kemuning,-4.8547976637,104.5665214566,2026-03-28 15:00:00,2026-03-28 22:00:00,2026-03-27T12:00:00,22,98,2.7,97,0.4,SW,> 10 km,Hujan Petir,Thunderstorm,
Lampung Utara,18.03.01.1001,Lampung,Lampung Utara,Bukit Kemuning,Bukit Kemuning,-4.8547976637,104.5665214566,2026-03-28 18:00:00,2026-03-29 01:00:00,2026-03-27T12:00:00,22,96,0.3,93,1.3,S,> 10 km,Petir,Thunder,
Lampung Utara,18.03.01.1001,Lampung,Lampung Utara,Bukit Kemuning,Bukit Kemuning,-4.8547976637,104.5665214566,2026-03-28 21:00:00,2026-03-29 04:00:00,2026-03-27T12:00:00,21,97,0.0,97,2.5,S,< 7 km,Berawan,Mostly Cloudy,
Lampung Utara,18.03.01.1001,Lampung,Lampung Utara,Bukit Kemuning,Bukit Kemuning,-4.8547976637,104.5665214566,2026-03-29 00:00:00,2026-03-29 07:00:00,2026-03-27T12:00:00,24,89,0.1,49,2.1,S,< 8 km,Cerah,Sunny,
Lampung Utara,18.03.01.1001,Lampung,Lampung Utara,Bukit Kemuning,Bukit Kemuning,-4.8547976637,104.5665214566,2026-03-29 03:00:00,2026-03-29 10:00:00,2026-03-27T12:00:00,28,73,0.3,92,6.1,N,> 10 km,Berawan,Mostly Cloudy,
Lampung Utara,18.03.01.1001,Lampung,Lampung Utara,Bukit Kemuning,Bukit Kemuning,-4.8547976637,104.5665214566,2026-03-29 06:00:00,2026-03-29 13:00:00,2026-03-27T12:00:00,28,74,1.0,100,7.0,N,> 10 km,Berawan,Mostly Cloudy,
Lampung Utara,18.03.01.1001,Lampung,Lampung Utara,Bukit Kemuning,Bukit Kemuning,-4.8547976637,104.5665214566,2026-03-29 09:00:00,2026-03-29 16:00:00,2026-03-27T12:00:00,26,89,3.8,100,4.8,NE,> 10 km,Hujan Ringan,Light Rain,
Lampung Utara,18.03.01.1001,Lampung,Lampung Utara,Bukit Kemuning,Bukit Kemuning,-4.8547976637,104.5665214566,2026-03-29 12:00:00,2026-03-29 19:00:00,2026-03-27T12:00:00,22,97,1.0,96,3.2,NE,< 3 km,Hujan Petir,Thunderstorm,
Lampung Utara,18.03.01.1001,Lampung,Lampung Utara,Bukit Kemuning,Bukit Kemuning,-4.8547976637,104.5665214566,2026-03-29 15:00:00,2026-03-29 22:00:00,2026-03-27T12:00:00,22,96,0.0,91,3.9,S,> 10 km,Berawan,Mostly Cloudy,
Lampung Utara,18.03.01.1001,Lampung,Lampung Utara,Bukit Kemuning,Bukit Kemuning,-4.8547976637,104.5665214566,2026-03-29 18:00:00,2026-03-30 01:00:00,2026-03-27T12:00:00,22,94,0.0,100,1.2,SW,> 10 km,Berawan,Mostly Cloudy,
Lampung Utara,18.03.01.1001,Lampung,Lampung Utara,Bukit Kemuning,Bukit Kemuning,-4.8547976637,104.5665214566,2026-03-29 21:00:00,2026-03-30 04:00:00,2026-03-27T12:00:00,21,95,0.0,89,2.2,S,> 10 km,Cerah Berawan,Partly Cloudy,
Lampung Utara,18.03.01.1001,Lampung,Lampung Utara,Bukit Kemuning,Bukit Kemuning,-4.8547976637,104.5665214566,2026-03-30 00:00:00,2026-03-30 07:00:00,2026-03-27T12:00:00,24,91,0.1,11,3.1,S,< 7 km,Cerah,Sunny,
Lampung Utara,18.03.01.1001,Lampung,Lampung Utara,Bukit Kemuning,Bukit Kemuning,-4.8547976637,104.5665214566,2026-03-30 03:00:00,2026-03-30 10:00:00,2026-03-27T12:00:00,28,76,0.1,98,2.7,N,> 10 km,Berawan,Mostly Cloudy,
Lampung Utara,18.03.01.1001,Lampung,Lampung Utara,Bukit Kemuning,Bukit Kemuning,-4.8547976637,104.5665214566,2026-03-30 06:00:00,2026-03-30 13:00:00,2026-03-27T12:00:00,29,74,1.3,94,2.7,N,> 10 km,Hujan Ringan,Light Rain,
Lampung Utara,18.03.01.1001,Lampung,Lampung Utara,Bukit Kemuning,Bukit Kemuning,-4.8547976637,104.5665214566,2026-03-30 09:00:00,2026-03-30 16:00:00,2026-03-27T12:00:00,26,88,1.3,100,2.1,SE,> 10 km,Hujan Ringan,Light Rain,
Lampung Utara,18.03.01.1001,Lampung,Lampung Utara,Bukit Kemuning,Bukit Kemuning,-4.8547976637,104.5665214566,2026-03-30 12:00:00,2026-03-30 19:00:00,2026-03-27T12:00:00,23,97,0.2,100,2.1,SE,> 10 km,Berawan,Mostly Cloudy,
Lampung Utara,18.03.01.1001,Lampung,Lampung Utara,Bukit Kemuning,Bukit Kemuning,-4.8547976637,104.5665214566,2026-03-30 15:00:00,2026-03-30 22:00:00,2026-03-27T12:00:00,23,95,0.2,98,3.3,W,> 10 km,Berawan,Mostly Cloudy,
Lampung Barat,18.04.04.1001,Lampung,Lampung Barat,Balik Bukit,Pasar Liwa,-5.0219820018,104.0793320721,2026-03-28 00:00:00,2026-03-28 07:00:00,2026-03-27T12:00:00,22,88,0.0,86,2.7,N,> 10 km,Cerah Berawan,Partly Cloudy,
Lampung Barat,18.04.04.1001,Lampung,Lampung Barat,Balik Bukit,Pasar Liwa,-5.0219820018,104.0793320721,2026-03-28 03:00:00,2026-03-28 10:00:00,2026-03-27T12:00:00,25,69,0.3,91,6.1,SW,> 10 km,Berawan,Mostly Cloudy,
Lampung Barat,18.04.04.1001,Lampung,Lampung Barat,Balik Bukit,Pasar Liwa,-5.0219820018,104.0793320721,2026-03-28 06:00:00,2026-03-28 13:00:00,2026-03-27T12:00:00,26,74,0.9,100,5.3,SW,> 10 km,Berawan,Mostly Cloudy,
Lampung Barat,18.04.04.1001,Lampung,Lampung Barat,Balik Bukit,Pasar Liwa,-5.0219820018,104.0793320721,2026-03-28 09:00:00,2026-03-28 16:00:00,2026-03-27T12:00:00,22,92,0.1,100,3.2,SW,> 10 km,Berawan,Mostly Cloudy,
Lampung Barat,18.04.04.1001,Lampung,Lampung Barat,Balik Bukit,Pasar Liwa,-5.0219820018,104.0793320721,2026-03-28 12:00:00,2026-03-28 19:00:00,2026-03-27T12:00:00,20,99,0.3,100,2.1,SW,> 10 km,Berawan,Mostly Cloudy,
Lampung Barat,18.04.04.1001,Lampung,Lampung Barat,Balik Bukit,Pasar Liwa,-5.0219820018,104.0793320721,2026-03-28 15:00:00,2026-03-28 22:00:00,2026-03-27T12:00:00,19,99,0.0,97,2.6,NE,< 3 km,Udara Kabur,Mist/Haze,
Lampung Barat,18.04.04.1001,Lampung,Lampung Barat,Balik Bukit,Pasar Liwa,-5.0219820018,104.0793320721,2026-03-28 18:00:00,2026-03-29 01:00:00,2026-03-27T12:00:00,18,99,0.0,93,2.9,N,> 10 km,Berawan,Mostly Cloudy,
Lampung Barat,18.04.04.1001,Lampung,Lampung Barat,Balik Bukit,Pasar Liwa,-5.0219820018,104.0793320721,2026-03-28 21:00:00,2026-03-29 04:00:00,2026-03-27T12:00:00,17,98,0.0,98,0.6,N,< 2 km,Udara Kabur,Mist/Haze,
Lampung Barat,18.04.04.1001,Lampung,Lampung Barat,Balik Bukit,Pasar Liwa,-5.0219820018,104.0793320721,2026-03-29 00:00:00,2026-03-29 07:00:00,2026-03-27T12:00:00,22,90,0.0,92,2.6,NE,> 10 km,Berawan,Mostly Cloudy,
Lampung Barat,18.04.04.1001,Lampung,Lampung Barat,Balik Bukit,Pasar Liwa,-5.0219820018,104.0793320721,2026-03-29 03:00:00,2026-03-29 10:00:00,2026-03-27T12:00:00,27,62,0.7,92,1.8,NW,> 10 km,Berawan,Mostly Cloudy,
Lampung Barat,18.04.04.1001,Lampung,Lampung Barat,Balik Bukit,Pasar Liwa,-5.0219820018,104.0793320721,2026-03-29 06:00:00,2026-03-29 13:00:00,2026-03-27T12:00:00,25,71,1.0,97,2.3,SW,> 10 km,Berawan,Mostly Cloudy,
Lampung Barat,18.04.04.1001,Lampung,Lampung Barat,Balik Bukit,Pasar Liwa,-5.0219820018,104.0793320721,2026-03-29 09:00:00,2026-03-29 16:00:00,2026-03-27T12:00:00,23,87,0.4,100,7.1,S,> 10 km,Petir,Thunder,
Lampung Barat,18.04.04.1001,Lampung,Lampung Barat,Balik Bukit,Pasar Liwa,-5.0219820018,104.0793320721,2026-03-29 12:00:00,2026-03-29 19:00:00,2026-03-27T12:00:00,21,98,0.0,100,1.7,S,> 10 km,Berawan,Mostly Cloudy,
Lampung Barat,18.04.04.1001,Lampung,Lampung Barat,Balik Bukit,Pasar Liwa,-5.0219820018,104.0793320721,2026-03-29 15:00:00,2026-03-29 22:00:00,2026-03-27T12:00:00,20,99,0.0,100,1.2,SE,< 5 km,Udara Kabur,Mist/Haze,
Lampung Barat,18.04.04.1001,Lampung,Lampung Barat,Balik Bukit,Pasar Liwa,-5.0219820018,104.0793320721,2026-03-29 18:00:00,2026-03-30 01:00:00,2026-03-27T12:00:00,18,99,0.0,100,2.6,N,< 2 km,Udara Kabur,Mist/Haze,
Lampung Barat,18.04.04.1001,Lampung,Lampung Barat,Balik Bukit,Pasar Liwa,-5.0219820018,104.0793320721,2026-03-29 21:00:00,2026-03-30 04:00:00,2026-03-27T12:00:00,17,99,0.0,100,1.4,N,< 400.0 m,Kabut/Asap,Fog/Smoke,
Lampung Barat,18.04.04.1001,Lampung,Lampung Barat,Balik Bukit,Pasar Liwa,-5.0219820018,104.0793320721,2026-03-30 00:00:00,2026-03-30 07:00:00,2026-03-27T12:00:00,22,88,0.1,78,3.8,NE,> 10 km,Cerah Berawan,Partly Cloudy,
Lampung Barat,18.04.04.1001,Lampung,Lampung Barat,Balik Bukit,Pasar Liwa,-5.0219820018,104.0793320721,2026-03-30 03:00:00,2026-03-30 10:00:00,2026-03-27T12:00:00,26,67,0.1,42,5.1,S,> 10 km,Cerah,Sunny,
Lampung Barat,18.04.04.1001,Lampung,Lampung Barat,Balik Bukit,Pasar Liwa,-5.0219820018,104.0793320721,2026-03-30 06:00:00,2026-03-30 13:00:00,2026-03-27T12:00:00,24,81,0.6,91,5.1,S,> 10 km,Berawan,Mostly Cloudy,
Lampung Barat,18.04.04.1001,Lampung,Lampung Barat,Balik Bukit,Pasar Liwa,-5.0219820018,104.0793320721,2026-03-30 09:00:00,2026-03-30 16:00:00,2026-03-27T12:00:00,22,90,0.6,100,1.8,SE,< 3 km,Udara Kabur,Mist/Haze,
Lampung Barat,18.04.04.1001,Lampung,Lampung Barat,Balik Bukit,Pasar Liwa,-5.0219820018,104.0793320721,2026-03-30 12:00:00,2026-03-30 19:00:00,2026-03-27T12:00:00,20,98,0.0,100,1.8,SE,< 3 km,Udara Kabur,Mist/Haze,
Lampung Barat,18.04.04.1001,Lampung,Lampung Barat,Balik Bukit,Pasar Liwa,-5.0219820018,104.0793320721,2026-03-30 15:00:00,2026-03-30 22:00:00,2026-03-27T12:00:00,19,99,0.0,100,4.6,N,< 2 km,Udara Kabur,Mist/Haze,
Tulang Bawang,18.05.02.2001,Lampung,Tulang Bawang,Menggala,Bujung Tenuk,-4.579293449,105.2119439745,2026-03-28 00:00:00,2026-03-28 07:00:00,2026-03-27T12:00:00,25,90,0.0,92,6.7,N,> 10 km,Berawan,Mostly Cloudy,
Tulang Bawang,18.05.02.2001,Lampung,Tulang Bawang,Menggala,Bujung Tenuk,-4.579293449,105.2119439745,2026-03-28 03:00:00,2026-03-28 10:00:00,2026-03-27T12:00:00,28,78,0.3,85,2.3,N,> 10 km,Cerah Berawan,Partly Cloudy,
Tulang Bawang,18.05.02.2001,Lampung,Tulang Bawang,Menggala,Bujung Tenuk,-4.579293449,105.2119439745,2026-03-28 06:00:00,2026-03-28 13:00:00,2026-03-27T12:00:00,30,74,0.1,100,6.1,NE,> 10 km,Berawan,Mostly Cloudy,
Tulang Bawang,18.05.02.2001,Lampung,Tulang Bawang,Menggala,Bujung Tenuk,-4.579293449,105.2119439745,2026-03-28 09:00:00,2026-03-28 16:00:00,2026-03-27T12:00:00,26,91,1.2,98,6.7,E,> 10 km,Hujan Ringan,Light Rain,
Tulang Bawang,18.05.02.2001,Lampung,Tulang Bawang,Menggala,Bujung Tenuk,-4.579293449,105.2119439745,2026-03-28 12:00:00,2026-03-28 19:00:00,2026-03-27T12:00:00,24,96,0.3,100,4.3,SW,< 10 km,Berawan,Mostly Cloudy,
Tulang Bawang,18.05.02.2001,Lampung,Tulang Bawang,Menggala,Bujung Tenuk,-4.579293449,105.2119439745,2026-03-28 15:00:00,2026-03-28 22:00:00,2026-03-27T12:00:00,24,98,0.0,100,1.2,NE,> 10 km,Berawan,Mostly Cloudy,
Tulang Bawang,18.05.02.2001,Lampung,Tulang Bawang,Menggala,Bujung Tenuk,-4.579293449,105.2119439745,2026-03-28 18:00:00,2026-03-29 01:00:00,2026-03-27T12:00:00,23,99,3.3,100,3.3,W,> 10 km,Hujan Ringan,Light Rain,
Tulang Bawang,18.05.02.2001,Lampung,Tulang Bawang,Menggala,Bujung Tenuk,-4.579293449,105.2119439745,2026-03-28 21:00:00,2026-03-29 04:00:00,2026-03-27T12:00:00,23,99,0.0,98,0.2,E,< 2 km,Petir,Thunder,
Tulang Bawang,18.05.02.2001,Lampung,Tulang Bawang,Menggala,Bujung Tenuk,-4.579293449,105.2119439745,2026-03-29 00:00:00,2026-03-29 07:00:00,2026-03-27T12:00:00,25,89,0.1,48,2.6,NE,> 10 km,Cerah,Sunny,
Tulang Bawang,18.05.02.2001,Lampung,Tulang Bawang,Menggala,Bujung Tenuk,-4.579293449,105.2119439745,2026-03-29 03:00:00,2026-03-29 10:00:00,2026-03-27T12:00:00,29,77,0.3,56,4.4,NW,> 10 km,Cerah,Sunny,
Tulang Bawang,18.05.02.2001,Lampung,Tulang Bawang,Menggala,Bujung Tenuk,-4.579293449,105.2119439745,2026-03-29 06:00:00,2026-03-29 13:00:00,2026-03-27T12:00:00,30,71,1.0,83,4.8,N,> 10 km,Cerah Berawan,Partly Cloudy,
Tulang Bawang,18.05.02.2001,Lampung,Tulang Bawang,Menggala,Bujung Tenuk,-4.579293449,105.2119439745,2026-03-29 09:00:00,2026-03-29 16:00:00,2026-03-27T12:00:00,28,83,0.6,98,4.7,N,> 10 km,Berawan,Mostly Cloudy,
Tulang Bawang,18.05.02.2001,Lampung,Tulang Bawang,Menggala,Bujung Tenuk,-4.579293449,105.2119439745,2026-03-29 12:00:00,2026-03-29 19:00:00,2026-03-27T12:00:00,24,97,0.5,95,8.0,S,> 10 km,Berawan,Mostly Cloudy,
Tulang Bawang,18.05.02.2001,Lampung,Tulang Bawang,Menggala,Bujung Tenuk,-4.579293449,105.2119439745,2026-03-29 15:00:00,2026-03-29 22:00:00,2026-03-27T12:00:00,24,96,0.1,91,2.6,SE,> 10 km,Berawan,Mostly Cloudy,
Tulang Bawang,18.05.02.2001,Lampung,Tulang Bawang,Menggala,Bujung Tenuk,-4.579293449,105.2119439745,2026-03-29 18:00:00,2026-03-30 01:00:00,2026-03-27T12:00:00,23,98,0.4,100,1.5,NW,> 10 km,Berawan,Mostly Cloudy,
Tulang Bawang,18.05.02.2001,Lampung,Tulang Bawang,Menggala,Bujung Tenuk,-4.579293449,105.2119439745,2026-03-29 21:00:00,2026-03-30 04:00:00,2026-03-27T12:00:00,23,99,0.0,99,2.3,S,> 10 km,Berawan,Mostly Cloudy,
Tulang Bawang,18.05.02.2001,Lampung,Tulang Bawang,Menggala,Bujung Tenuk,-4.579293449,105.2119439745,2026-03-30 00:00:00,2026-03-30 07:00:00,2026-03-27T12:00:00,25,90,0.1,67,2.9,SE,> 10 km,Cerah Berawan,Partly Cloudy,
Tulang Bawang,18.05.02.2001,Lampung,Tulang Bawang,Menggala,Bujung Tenuk,-4.579293449,105.2119439745,2026-03-30 03:00:00,2026-03-30 10:00:00,2026-03-27T12:00:00,29,72,0.1,50,7.4,NE,> 10 km,Cerah,Sunny,
Tulang Bawang,18.05.02.2001,Lampung,Tulang Bawang,Menggala,Bujung Tenuk,-4.579293449,105.2119439745,2026-03-30 06:00:00,2026-03-30 13:00:00,2026-03-27T12:00:00,30,70,0.2,98,7.4,NE,> 10 km,Berawan,Mostly Cloudy,
Tulang Bawang,18.05.02.2001,Lampung,Tulang Bawang,Menggala,Bujung Tenuk,-4.579293449,105.2119439745,2026-03-30 09:00:00,2026-03-30 16:00:00,2026-03-27T12:00:00,28,82,0.2,100,4.9,SE,> 10 km,Berawan,Mostly Cloudy,
Tulang Bawang,18.05.02.2001,Lampung,Tulang Bawang,Menggala,Bujung Tenuk,-4.579293449,105.2119439745,2026-03-30 12:00:00,2026-03-30 19:00:00,2026-03-27T12:00:00,25,95,1.6,100,4.9,SE,> 10 km,Hujan Ringan,Light Rain,
Tulang Bawang,18.05.02.2001,Lampung,Tulang Bawang,Menggala,Bujung Tenuk,-4.579293449,105.2119439745,2026-03-30 15:00:00,2026-03-30 22:00:00,2026-03-27T12:00:00,23,98,1.6,100,7.2,W,< 2 km,Hujan Ringan,Light Rain,
Tanggamus,18.06.01.1001,Lampung,Tanggamus,Kota Agung,Baros,-5.4942368213,104.619172878,2026-03-28 00:00:00,2026-03-28 07:00:00,2026-03-27T12:00:00,25,88,0.0,85,2.7,NE,> 10 km,Cerah Berawan,Partly Cloudy,
Tanggamus,18.06.01.1001,Lampung,Tanggamus,Kota Agung,Baros,-5.4942368213,104.619172878,2026-03-28 03:00:00,2026-03-28 10:00:00,2026-03-27T12:00:00,28,75,0.7,86,5.4,S,> 10 km,Cerah Berawan,Partly Cloudy,
Tanggamus,18.06.01.1001,Lampung,Tanggamus,Kota Agung,Baros,-5.4942368213,104.619172878,2026-03-28 06:00:00,2026-03-28 13:00:00,2026-03-27T12:00:00,26,82,0.5,97,7.7,SE,> 10 km,Berawan,Mostly Cloudy,
Tanggamus,18.06.01.1001,Lampung,Tanggamus,Kota Agung,Baros,-5.4942368213,104.619172878,2026-03-28 09:00:00,2026-03-28 16:00:00,2026-03-27T12:00:00,26,87,0.2,100,1.8,E,> 10 km,Berawan,Mostly Cloudy,
Tanggamus,18.06.01.1001,Lampung,Tanggamus,Kota Agung,Baros,-5.4942368213,104.619172878,2026-03-28 12:00:00,2026-03-28 19:00:00,2026-03-27T12:00:00,24,92,1.3,100,5.7,W,> 10 km,Hujan Ringan,Light Rain,
Tanggamus,18.06.01.1001,Lampung,Tanggamus,Kota Agung,Baros,-5.4942368213,104.619172878,2026-03-28 15:00:00,2026-03-28 22:00:00,2026-03-27T12:00:00,24,91,0.0,96,1.8,NW,> 10 km,Berawan,Mostly Cloudy,
Tanggamus,18.06.01.1001,Lampung,Tanggamus,Kota Agung,Baros,-5.4942368213,104.619172878,2026-03-28 18:00:00,2026-03-29 01:00:00,2026-03-27T12:00:00,23,94,0.0,91,3.3,N,< 6 km,Berawan,Mostly Cloudy,
Tanggamus,18.06.01.1001,Lampung,Tanggamus,Kota Agung,Baros,-5.4942368213,104.619172878,2026-03-28 21:00:00,2026-03-29 04:00:00,2026-03-27T12:00:00,23,91,0.0,95,2.1,N,> 10 km,Berawan,Mostly Cloudy,
Tanggamus,18.06.01.1001,Lampung,Tanggamus,Kota Agung,Baros,-5.4942368213,104.619172878,2026-03-29 00:00:00,2026-03-29 07:00:00,2026-03-27T12:00:00,26,83,0.0,84,3.2,NW,> 10 km,Cerah Berawan,Partly Cloudy,
Tanggamus,18.06.01.1001,Lampung,Tanggamus,Kota Agung,Baros,-5.4942368213,104.619172878,2026-03-29 03:00:00,2026-03-29 10:00:00,2026-03-27T12:00:00,29,67,0.3,90,3.9,SE,> 10 km,Cerah Berawan,Partly Cloudy,
Tanggamus,18.06.01.1001,Lampung,Tanggamus,Kota Agung,Baros,-5.4942368213,104.619172878,2026-03-29 06:00:00,2026-03-29 13:00:00,2026-03-27T12:00:00,30,66,1.0,91,10.6,SE,> 10 km,Berawan,Mostly Cloudy,
Tanggamus,18.06.01.1001,Lampung,Tanggamus,Kota Agung,Baros,-5.4942368213,104.619172878,2026-03-29 09:00:00,2026-03-29 16:00:00,2026-03-27T12:00:00,27,81,0.2,99,3.1,SE,> 10 km,Berawan,Mostly Cloudy,
Tanggamus,18.06.01.1001,Lampung,Tanggamus,Kota Agung,Baros,-5.4942368213,104.619172878,2026-03-29 12:00:00,2026-03-29 19:00:00,2026-03-27T12:00:00,25,89,0.4,100,2.2,W,> 10 km,Berawan,Mostly Cloudy,
Tanggamus,18.06.01.1001,Lampung,Tanggamus,Kota Agung,Baros,-5.4942368213,104.619172878,2026-03-29 15:00:00,2026-03-29 22:00:00,2026-03-27T12:00:00,24,92,0.0,100,6.3,W,> 10 km,Berawan,Mostly Cloudy,
Tanggamus,18.06.01.1001,Lampung,Tanggamus,Kota Agung,Baros,-5.4942368213,104.619172878,2026-03-29 18:00:00,2026-03-30 01:00:00,2026-03-27T12:00:00,24,89,0.0,98,3.7,NW,> 10 km,Berawan,Mostly Cloudy,
Tanggamus,18.06.01.1001,Lampung,Tanggamus,Kota Agung,Baros,-5.4942368213,104.619172878,2026-03-29 21:00:00,2026-03-30 04:00:00,2026-03-27T12:00:00,23,93,0.0,99,2.7,N,< 4 km,Udara Kabur,Mist/Haze,
Tanggamus,18.06.01.1001,Lampung,Tanggamus,Kota Agung,Baros,-5.4942368213,104.619172878,2026-03-30 00:00:00,2026-03-30 07:00:00,2026-03-27T12:00:00,26,87,0.1,37,3.0,N,> 10 km,Cerah,Sunny,
Tanggamus,18.06.01.1001,Lampung,Tanggamus,Kota Agung,Baros,-5.4942368213,104.619172878,2026-03-30 03:00:00,2026-03-30 10:00:00,2026-03-27T12:00:00,28,69,0.1,23,10.6,E,> 10 km,Cerah,Sunny,
Tanggamus,18.06.01.1001,Lampung,Tanggamus,Kota Agung,Baros,-5.4942368213,104.619172878,2026-03-30 06:00:00,2026-03-30 13:00:00,2026-03-27T12:00:00,29,71,0.2,73,10.6,E,> 10 km,Cerah Berawan,Partly Cloudy,
Tanggamus,18.06.01.1001,Lampung,Tanggamus,Kota Agung,Baros,-5.4942368213,104.619172878,2026-03-30 09:00:00,2026-03-30 16:00:00,2026-03-27T12:00:00,26,81,0.2,99,1.6,SW,> 10 km,Berawan,Mostly Cloudy,
Tanggamus,18.06.01.1001,Lampung,Tanggamus,Kota Agung,Baros,-5.4942368213,104.619172878,2026-03-30 12:00:00,2026-03-30 19:00:00,2026-03-27T12:00:00,25,87,0.0,100,1.6,SW,> 10 km,Berawan,Mostly Cloudy,
Tanggamus,18.06.01.1001,Lampung,Tanggamus,Kota Agung,Baros,-5.4942368213,104.619172878,2026-03-30 15:00:00,2026-03-30 22:00:00,2026-03-27T12:00:00,24,91,0.0,100,4.7,N,> 10 km,Berawan,Mostly Cloudy,
Lampung Timur,18.07.01.2001,Lampung,Lampung Timur,Sukadana,Sukadana,-5.0873903074,105.5634023437,2026-03-28 00:00:00,2026-03-28 07:00:00,2026-03-27T12:00:00,25,91,0.0,93,8.3,W,> 10 km,Berawan,Mostly Cloudy,
Lampung Timur,18.07.01.2001,Lampung,Lampung Timur,Sukadana,Sukadana,-5.0873903074,105.5634023437,2026-03-28 03:00:00,2026-03-28 10:00:00,2026-03-27T12:00:00,28,81,0.3,86,4.6,NW,> 10 km,Cerah Berawan,Partly Cloudy,
Lampung Timur,18.07.01.2001,Lampung,Lampung Timur,Sukadana,Sukadana,-5.0873903074,105.5634023437,2026-03-28 06:00:00,2026-03-28 13:00:00,2026-03-27T12:00:00,30,74,0.8,100,3.9,N,> 10 km,Berawan,Mostly Cloudy,
Lampung Timur,18.07.01.2001,Lampung,Lampung Timur,Sukadana,Sukadana,-5.0873903074,105.5634023437,2026-03-28 09:00:00,2026-03-28 16:00:00,2026-03-27T12:00:00,26,91,0.3,99,6.4,SE,< 7 km,Berawan,Mostly Cloudy,
Lampung Timur,18.07.01.2001,Lampung,Lampung Timur,Sukadana,Sukadana,-5.0873903074,105.5634023437,2026-03-28 12:00:00,2026-03-28 19:00:00,2026-03-27T12:00:00,24,96,0.3,100,5.9,W,> 10 km,Berawan,Mostly Cloudy,
Lampung Timur,18.07.01.2001,Lampung,Lampung Timur,Sukadana,Sukadana,-5.0873903074,105.5634023437,2026-03-28 15:00:00,2026-03-28 22:00:00,2026-03-27T12:00:00,24,97,0.0,100,3.4,W,> 10 km,Berawan,Mostly Cloudy,
Lampung Timur,18.07.01.2001,Lampung,Lampung Timur,Sukadana,Sukadana,-5.0873903074,105.5634023437,2026-03-28 18:00:00,2026-03-29 01:00:00,2026-03-27T12:00:00,23,98,0.3,100,4.5,W,> 10 km,Berawan,Mostly Cloudy,
Lampung Timur,18.07.01.2001,Lampung,Lampung Timur,Sukadana,Sukadana,-5.0873903074,105.5634023437,2026-03-28 21:00:00,2026-03-29 04:00:00,2026-03-27T12:00:00,23,99,0.0,76,3.9,W,< 6 km,Cerah Berawan,Partly Cloudy,
Lampung Timur,18.07.01.2001,Lampung,Lampung Timur,Sukadana,Sukadana,-5.0873903074,105.5634023437,2026-03-29 00:00:00,2026-03-29 07:00:00,2026-03-27T12:00:00,25,89,0.1,91,3.8,NW,> 10 km,Berawan,Mostly Cloudy,
Lampung Timur,18.07.01.2001,Lampung,Lampung Timur,Sukadana,Sukadana,-5.0873903074,105.5634023437,2026-03-29 03:00:00,2026-03-29 10:00:00,2026-03-27T12:00:00,29,74,0.7,89,3.9,NW,> 10 km,Cerah Berawan,Partly Cloudy,
Lampung Timur,18.07.01.2001,Lampung,Lampung Timur,Sukadana,Sukadana,-5.0873903074,105.5634023437,2026-03-29 06:00:00,2026-03-29 13:00:00,2026-03-27T12:00:00,31,72,0.3,95,4.0,N,> 10 km,Berawan,Mostly Cloudy,
Lampung Timur,18.07.01.2001,Lampung,Lampung Timur,Sukadana,Sukadana,-5.0873903074,105.5634023437,2026-03-29 09:00:00,2026-03-29 16:00:00,2026-03-27T12:00:00,26,91,0.4,100,9.2,E,> 10 km,Berawan,Mostly Cloudy,
Lampung Timur,18.07.01.2001,Lampung,Lampung Timur,Sukadana,Sukadana,-5.0873903074,105.5634023437,2026-03-29 12:00:00,2026-03-29 19:00:00,2026-03-27T12:00:00,23,97,0.7,91,0.4,SW,> 10 km,Berawan,Mostly Cloudy,
Lampung Timur,18.07.01.2001,Lampung,Lampung Timur,Sukadana,Sukadana,-5.0873903074,105.5634023437,2026-03-29 15:00:00,2026-03-29 22:00:00,2026-03-27T12:00:00,23,97,0.0,82,5.7,W,> 10 km,Cerah Berawan,Partly Cloudy,
Lampung Timur,18.07.01.2001,Lampung,Lampung Timur,Sukadana,Sukadana,-5.0873903074,105.5634023437,2026-03-29 18:00:00,2026-03-30 01:00:00,2026-03-27T12:00:00,23,98,0.0,97,3.8,W,> 10 km,Berawan,Mostly Cloudy,
Lampung Timur,18.07.01.2001,Lampung,Lampung Timur,Sukadana,Sukadana,-5.0873903074,105.5634023437,2026-03-29 21:00:00,2026-03-30 04:00:00,2026-03-27T12:00:00,23,98,0.0,100,3.5,SW,> 10 km,Berawan,Mostly Cloudy,
Lampung Timur,18.07.01.2001,Lampung,Lampung Timur,Sukadana,Sukadana,-5.0873903074,105.5634023437,2026-03-30 00:00:00,2026-03-30 07:00:00,2026-03-27T12:00:00,25,92,0.1,58,3.9,S,> 10 km,Cerah,Sunny,
Lampung Timur,18.07.01.2001,Lampung,Lampung Timur,Sukadana,Sukadana,-5.0873903074,105.5634023437,2026-03-30 03:00:00,2026-03-30 10:00:00,2026-03-27T12:00:00,29,73,0.1,98,8.6,NE,> 10 km,Berawan,Mostly Cloudy,
Lampung Timur,18.07.01.2001,Lampung,Lampung Timur,Sukadana,Sukadana,-5.0873903074,105.5634023437,2026-03-30 06:00:00,2026-03-30 13:00:00,2026-03-27T12:00:00,30,73,0.8,100,8.6,NE,> 10 km,Berawan,Mostly Cloudy,
Lampung Timur,18.07.01.2001,Lampung,Lampung Timur,Sukadana,Sukadana,-5.0873903074,105.5634023437,2026-03-30 09:00:00,2026-03-30 16:00:00,2026-03-27T12:00:00,28,86,0.8,95,4.7,SW,> 10 km,Berawan,Mostly Cloudy,
Lampung Timur,18.07.01.2001,Lampung,Lampung Timur,Sukadana,Sukadana,-5.0873903074,105.5634023437,2026-03-30 12:00:00,2026-03-30 19:00:00,2026-03-27T12:00:00,25,97,0.7,94,4.7,SW,> 10 km,Berawan,Mostly Cloudy,
Lampung Timur,18.07.01.2001,Lampung,Lampung Timur,Sukadana,Sukadana,-5.0873903074,105.5634023437,2026-03-30 15:00:00,2026-03-30 22:00:00,2026-03-27T12:00:00,24,97,0.7,100,7.7,E,< 7 km,Berawan,Mostly Cloudy,
Way Kanan,18.08.02.2001,Lampung,Way Kanan,Kasui,Datar Bancong,-4.7442800803,104.4368073587,2026-03-28 00:00:00,2026-03-28 07:00:00,2026-03-27T12:00:00,24,88,0.1,89,5.6,S,> 10 km,Cerah Berawan,Partly Cloudy,
Way Kanan,18.08.02.2001,Lampung,Way Kanan,Kasui,Datar Bancong,-4.7442800803,104.4368073587,2026-03-28 03:00:00,2026-03-28 10:00:00,2026-03-27T12:00:00,26,80,0.4,88,8.0,N,> 10 km,Cerah Berawan,Partly Cloudy,
Way Kanan,18.08.02.2001,Lampung,Way Kanan,Kasui,Datar Bancong,-4.7442800803,104.4368073587,2026-03-28 06:00:00,2026-03-28 13:00:00,2026-03-27T12:00:00,28,76,0.9,98,2.2,E,> 10 km,Berawan,Mostly Cloudy,
Way Kanan,18.08.02.2001,Lampung,Way Kanan,Kasui,Datar Bancong,-4.7442800803,104.4368073587,2026-03-28 09:00:00,2026-03-28 16:00:00,2026-03-27T12:00:00,25,87,2.4,99,0.9,NW,> 10 km,Hujan Ringan,Light Rain,
Way Kanan,18.08.02.2001,Lampung,Way Kanan,Kasui,Datar Bancong,-4.7442800803,104.4368073587,2026-03-28 12:00:00,2026-03-28 19:00:00,2026-03-27T12:00:00,23,97,1.3,98,6.4,S,> 10 km,Hujan Ringan,Light Rain,
Way Kanan,18.08.02.2001,Lampung,Way Kanan,Kasui,Datar Bancong,-4.7442800803,104.4368073587,2026-03-28 15:00:00,2026-03-28 22:00:00,2026-03-27T12:00:00,22,96,0.0,97,1.0,SE,> 10 km,Berawan,Mostly Cloudy,
Way Kanan,18.08.02.2001,Lampung,Way Kanan,Kasui,Datar Bancong,-4.7442800803,104.4368073587,2026-03-28 18:00:00,2026-03-29 01:00:00,2026-03-27T12:00:00,22,95,0.3,94,2.0,S,> 10 km,Berawan,Mostly Cloudy,
Way Kanan,18.08.02.2001,Lampung,Way Kanan,Kasui,Datar Bancong,-4.7442800803,104.4368073587,2026-03-28 21:00:00,2026-03-29 04:00:00,2026-03-27T12:00:00,21,95,0.0,99,3.4,S,> 10 km,Berawan,Mostly Cloudy,
Way Kanan,18.08.02.2001,Lampung,Way Kanan,Kasui,Datar Bancong,-4.7442800803,104.4368073587,2026-03-29 00:00:00,2026-03-29 07:00:00,2026-03-27T12:00:00,24,89,0.1,55,2.3,S,> 10 km,Cerah,Sunny,
Way Kanan,18.08.02.2001,Lampung,Way Kanan,Kasui,Datar Bancong,-4.7442800803,104.4368073587,2026-03-29 03:00:00,2026-03-29 10:00:00,2026-03-27T12:00:00,27,76,0.3,90,6.7,N,> 10 km,Cerah Berawan,Partly Cloudy,
Way Kanan,18.08.02.2001,Lampung,Way Kanan,Kasui,Datar Bancong,-4.7442800803,104.4368073587,2026-03-29 06:00:00,2026-03-29 13:00:00,2026-03-27T12:00:00,28,77,1.0,100,6.2,N,> 10 km,Berawan,Mostly Cloudy,
Way Kanan,18.08.02.2001,Lampung,Way Kanan,Kasui,Datar Bancong,-4.7442800803,104.4368073587,2026-03-29 09:00:00,2026-03-29 16:00:00,2026-03-27T12:00:00,26,87,3.5,100,1.7,NE,> 10 km,Hujan Ringan,Light Rain,
Way Kanan,18.08.02.2001,Lampung,Way Kanan,Kasui,Datar Bancong,-4.7442800803,104.4368073587,2026-03-29 12:00:00,2026-03-29 19:00:00,2026-03-27T12:00:00,22,97,0.6,95,5.3,W,< 10 km,Berawan,Mostly Cloudy,
Way Kanan,18.08.02.2001,Lampung,Way Kanan,Kasui,Datar Bancong,-4.7442800803,104.4368073587,2026-03-29 15:00:00,2026-03-29 22:00:00,2026-03-27T12:00:00,22,94,0.0,91,3.8,S,> 10 km,Berawan,Mostly Cloudy,
Way Kanan,18.08.02.2001,Lampung,Way Kanan,Kasui,Datar Bancong,-4.7442800803,104.4368073587,2026-03-29 18:00:00,2026-03-30 01:00:00,2026-03-27T12:00:00,22,94,0.0,100,0.2,S,> 10 km,Berawan,Mostly Cloudy,
Way Kanan,18.08.02.2001,Lampung,Way Kanan,Kasui,Datar Bancong,-4.7442800803,104.4368073587,2026-03-29 21:00:00,2026-03-30 04:00:00,2026-03-27T12:00:00,21,94,0.0,97,1.9,S,> 10 km,Berawan,Mostly Cloudy,
Way Kanan,18.08.02.2001,Lampung,Way Kanan,Kasui,Datar Bancong,-4.7442800803,104.4368073587,2026-03-30 00:00:00,2026-03-30 07:00:00,2026-03-27T12:00:00,24,89,0.1,38,3.5,S,> 10 km,Cerah,Sunny,
Way Kanan,18.08.02.2001,Lampung,Way Kanan,Kasui,Datar Bancong,-4.7442800803,104.4368073587,2026-03-30 03:00:00,2026-03-30 10:00:00,2026-03-27T12:00:00,27,74,0.1,96,3.4,E,> 10 km,Berawan,Mostly Cloudy,
Way Kanan,18.08.02.2001,Lampung,Way Kanan,Kasui,Datar Bancong,-4.7442800803,104.4368073587,2026-03-30 06:00:00,2026-03-30 13:00:00,2026-03-27T12:00:00,28,75,1.0,79,3.4,E,> 10 km,Hujan Ringan,Light Rain,
Way Kanan,18.08.02.2001,Lampung,Way Kanan,Kasui,Datar Bancong,-4.7442800803,104.4368073587,2026-03-30 09:00:00,2026-03-30 16:00:00,2026-03-27T12:00:00,26,84,1.0,99,1.3,W,> 10 km,Hujan Ringan,Light Rain,
Way Kanan,18.08.02.2001,Lampung,Way Kanan,Kasui,Datar Bancong,-4.7442800803,104.4368073587,2026-03-30 12:00:00,2026-03-30 19:00:00,2026-03-27T12:00:00,23,94,0.2,100,1.3,W,> 10 km,Berawan,Mostly Cloudy,
Way Kanan,18.08.02.2001,Lampung,Way Kanan,Kasui,Datar Bancong,-4.7442800803,104.4368073587,2026-03-30 15:00:00,2026-03-30 22:00:00,2026-03-27T12:00:00,22,95,0.2,99,2.1,SW,> 10 km,Berawan,Mostly Cloudy,
Pesawaran,18.09.01.2001,Lampung,Pesawaran,Gedong Tataan,Padang Ratu,-5.4218512028,105.0680715592,2026-03-27 23:00:00,2026-03-28 06:00:00,2026-03-27T12:00:00,23,97,0.0,85,0.9,W,< 10 km,Cerah Berawan,Partly Cloudy,
Pesawaran,18.09.01.2001,Lampung,Pesawaran,Gedong Tataan,Padang Ratu,-5.4218512028,105.0680715592,2026-03-28 02:00:00,2026-03-28 09:00:00,2026-03-27T12:00:00,27,80,0.1,83,3.4,N,> 10 km,Cerah Berawan,Partly Cloudy,
Pesawaran,18.09.01.2001,Lampung,Pesawaran,Gedong Tataan,Padang Ratu,-5.4218512028,105.0680715592,2026-03-28 05:00:00,2026-03-28 12:00:00,2026-03-27T12:00:00,27,80,0.7,94,3.0,NE,> 10 km,Berawan,Mostly Cloudy,
Pesawaran,18.09.01.2001,Lampung,Pesawaran,Gedong Tataan,Padang Ratu,-5.4218512028,105.0680715592,2026-03-28 08:00:00,2026-03-28 15:00:00,2026-03-27T12:00:00,25,88,1.0,100,1.3,SW,> 10 km,Hujan Ringan,Light Rain,
Pesawaran,18.09.01.2001,Lampung,Pesawaran,Gedong Tataan,Padang Ratu,-5.4218512028,105.0680715592,2026-03-28 11:00:00,2026-03-28 18:00:00,2026-03-27T12:00:00,23,98,0.3,100,2.7,NW,> 10 km,Berawan,Mostly Cloudy,
Pesawaran,18.09.01.2001,Lampung,Pesawaran,Gedong Tataan,Padang Ratu,-5.4218512028,105.0680715592,2026-03-28 14:00:00,2026-03-28 21:00:00,2026-03-27T12:00:00,23,96,1.3,100,2.5,SE,> 10 km,Hujan Ringan,Light Rain,
Pesawaran,18.09.01.2001,Lampung,Pesawaran,Gedong Tataan,Padang Ratu,-5.4218512028,105.0680715592,2026-03-28 17:00:00,2026-03-29 00:00:00,2026-03-27T12:00:00,22,99,2.0,91,1.8,S,> 10 km,Hujan Ringan,Light Rain,
Pesawaran,18.09.01.2001,Lampung,Pesawaran,Gedong Tataan,Padang Ratu,-5.4218512028,105.0680715592,2026-03-28 20:00:00,2026-03-29 03:00:00,2026-03-27T12:00:00,22,99,3.3,100,1.4,SE,< 400.0 m,Hujan Ringan,Light Rain,
Pesawaran,18.09.01.2001,Lampung,Pesawaran,Gedong Tataan,Padang Ratu,-5.4218512028,105.0680715592,2026-03-28 23:00:00,2026-03-29 06:00:00,2026-03-27T12:00:00,22,99,0.0,91,1.1,SE,< 10 km,Berawan,Mostly Cloudy,
Pesawaran,18.09.01.2001,Lampung,Pesawaran,Gedong Tataan,Padang Ratu,-5.4218512028,105.0680715592,2026-03-29 02:00:00,2026-03-29 09:00:00,2026-03-27T12:00:00,26,80,0.1,86,6.5,NW,> 10 km,Cerah Berawan,Partly Cloudy,
Pesawaran,18.09.01.2001,Lampung,Pesawaran,Gedong Tataan,Padang Ratu,-5.4218512028,105.0680715592,2026-03-29 05:00:00,2026-03-29 12:00:00,2026-03-27T12:00:00,29,72,0.3,100,4.8,NW,> 10 km,Berawan,Mostly Cloudy,
Pesawaran,18.09.01.2001,Lampung,Pesawaran,Gedong Tataan,Padang Ratu,-5.4218512028,105.0680715592,2026-03-29 08:00:00,2026-03-29 15:00:00,2026-03-27T12:00:00,27,81,0.3,100,4.3,E,> 10 km,Berawan,Mostly Cloudy,
Pesawaran,18.09.01.2001,Lampung,Pesawaran,Gedong Tataan,Padang Ratu,-5.4218512028,105.0680715592,2026-03-29 11:00:00,2026-03-29 18:00:00,2026-03-27T12:00:00,23,96,1.0,100,1.0,W,> 10 km,Berawan,Mostly Cloudy,
Pesawaran,18.09.01.2001,Lampung,Pesawaran,Gedong Tataan,Padang Ratu,-5.4218512028,105.0680715592,2026-03-29 14:00:00,2026-03-29 21:00:00,2026-03-27T12:00:00,22,97,0.6,90,4.0,S,< 10 km,Cerah Berawan,Partly Cloudy,
Pesawaran,18.09.01.2001,Lampung,Pesawaran,Gedong Tataan,Padang Ratu,-5.4218512028,105.0680715592,2026-03-29 17:00:00,2026-03-30 00:00:00,2026-03-27T12:00:00,22,98,0.1,100,0.5,SE,< 3 km,Udara Kabur,Mist/Haze,
Pesawaran,18.09.01.2001,Lampung,Pesawaran,Gedong Tataan,Padang Ratu,-5.4218512028,105.0680715592,2026-03-29 20:00:00,2026-03-30 03:00:00,2026-03-27T12:00:00,21,99,0.0,99,2.7,S,< 2 km,Udara Kabur,Mist/Haze,
Pesawaran,18.09.01.2001,Lampung,Pesawaran,Gedong Tataan,Padang Ratu,-5.4218512028,105.0680715592,2026-03-29 23:00:00,2026-03-30 06:00:00,2026-03-27T12:00:00,22,98,0.0,65,3.2,SE,< 2 km,Kabut/Asap,Fog/Smoke,
Pringsewu,18.10.01.1001,Lampung,Pringsewu,Pringsewu,Fajaresuk,-5.3539753253,104.9568307967,2026-03-28 00:00:00,2026-03-28 07:00:00,2026-03-27T12:00:00,25,89,0.1,86,1.9,NE,> 10 km,Cerah Berawan,Partly Cloudy,
Pringsewu,18.10.01.1001,Lampung,Pringsewu,Pringsewu,Fajaresuk,-5.3539753253,104.9568307967,2026-03-28 03:00:00,2026-03-28 10:00:00,2026-03-27T12:00:00,29,76,0.7,55,3.2,N,> 10 km,Cerah,Sunny,
Pringsewu,18.10.01.1001,Lampung,Pringsewu,Pringsewu,Fajaresuk,-5.3539753253,104.9568307967,2026-03-28 06:00:00,2026-03-28 13:00:00,2026-03-27T12:00:00,26,85,2.2,98,4.9,NE,> 10 km,Hujan Ringan,Light Rain,
Pringsewu,18.10.01.1001,Lampung,Pringsewu,Pringsewu,Fajaresuk,-5.3539753253,104.9568307967,2026-03-28 09:00:00,2026-03-28 16:00:00,2026-03-27T12:00:00,25,92,1.3,100,6.0,SW,< 7 km,Hujan Ringan,Light Rain,
Pringsewu,18.10.01.1001,Lampung,Pringsewu,Pringsewu,Fajaresuk,-5.3539753253,104.9568307967,2026-03-28 12:00:00,2026-03-28 19:00:00,2026-03-27T12:00:00,24,97,1.3,98,4.2,NW,> 10 km,Hujan Ringan,Light Rain,
Pringsewu,18.10.01.1001,Lampung,Pringsewu,Pringsewu,Fajaresuk,-5.3539753253,104.9568307967,2026-03-28 15:00:00,2026-03-28 22:00:00,2026-03-27T12:00:00,23,97,0.0,97,1.2,SE,> 10 km,Berawan,Mostly Cloudy,
Pringsewu,18.10.01.1001,Lampung,Pringsewu,Pringsewu,Fajaresuk,-5.3539753253,104.9568307967,2026-03-28 18:00:00,2026-03-29 01:00:00,2026-03-27T12:00:00,23,97,3.3,94,1.7,SE,> 10 km,Hujan Ringan,Light Rain,
Pringsewu,18.10.01.1001,Lampung,Pringsewu,Pringsewu,Fajaresuk,-5.3539753253,104.9568307967,2026-03-28 21:00:00,2026-03-29 04:00:00,2026-03-27T12:00:00,23,98,0.0,98,1.7,SE,< 700.0 m,Kabut/Asap,Fog/Smoke,
Pringsewu,18.10.01.1001,Lampung,Pringsewu,Pringsewu,Fajaresuk,-5.3539753253,104.9568307967,2026-03-29 00:00:00,2026-03-29 07:00:00,2026-03-27T12:00:00,24,92,0.0,93,0.9,E,< 4 km,Udara Kabur,Mist/Haze,
Pringsewu,18.10.01.1001,Lampung,Pringsewu,Pringsewu,Fajaresuk,-5.3539753253,104.9568307967,2026-03-29 03:00:00,2026-03-29 10:00:00,2026-03-27T12:00:00,28,74,0.3,93,5.4,NW,> 10 km,Berawan,Mostly Cloudy,
Pringsewu,18.10.01.1001,Lampung,Pringsewu,Pringsewu,Fajaresuk,-5.3539753253,104.9568307967,2026-03-29 06:00:00,2026-03-29 13:00:00,2026-03-27T12:00:00,30,69,1.0,79,4.5,NW,> 10 km,Cerah Berawan,Partly Cloudy,
Pringsewu,18.10.01.1001,Lampung,Pringsewu,Pringsewu,Fajaresuk,-5.3539753253,104.9568307967,2026-03-29 09:00:00,2026-03-29 16:00:00,2026-03-27T12:00:00,25,92,1.6,100,5.3,E,> 10 km,Hujan Ringan,Light Rain,
Pringsewu,18.10.01.1001,Lampung,Pringsewu,Pringsewu,Fajaresuk,-5.3539753253,104.9568307967,2026-03-29 12:00:00,2026-03-29 19:00:00,2026-03-27T12:00:00,23,97,1.5,97,0.8,N,> 10 km,Hujan Ringan,Light Rain,
Pringsewu,18.10.01.1001,Lampung,Pringsewu,Pringsewu,Fajaresuk,-5.3539753253,104.9568307967,2026-03-29 15:00:00,2026-03-29 22:00:00,2026-03-27T12:00:00,23,95,0.0,95,4.0,SE,> 10 km,Berawan,Mostly Cloudy,
Pringsewu,18.10.01.1001,Lampung,Pringsewu,Pringsewu,Fajaresuk,-5.3539753253,104.9568307967,2026-03-29 18:00:00,2026-03-30 01:00:00,2026-03-27T12:00:00,23,96,0.0,99,0.6,SE,< 7 km,Berawan,Mostly Cloudy,
Pringsewu,18.10.01.1001,Lampung,Pringsewu,Pringsewu,Fajaresuk,-5.3539753253,104.9568307967,2026-03-29 21:00:00,2026-03-30 04:00:00,2026-03-27T12:00:00,22,98,0.0,100,2.0,SE,< 4 km,Udara Kabur,Mist/Haze,
Pringsewu,18.10.01.1001,Lampung,Pringsewu,Pringsewu,Fajaresuk,-5.3539753253,104.9568307967,2026-03-30 00:00:00,2026-03-30 07:00:00,2026-03-27T12:00:00,24,93,0.1,91,2.7,S,< 4 km,Udara Kabur,Mist/Haze,
Pringsewu,18.10.01.1001,Lampung,Pringsewu,Pringsewu,Fajaresuk,-5.3539753253,104.9568307967,2026-03-30 03:00:00,2026-03-30 10:00:00,2026-03-27T12:00:00,29,73,0.1,75,5.6,N,> 10 km,Cerah Berawan,Partly Cloudy,
Pringsewu,18.10.01.1001,Lampung,Pringsewu,Pringsewu,Fajaresuk,-5.3539753253,104.9568307967,2026-03-30 06:00:00,2026-03-30 13:00:00,2026-03-27T12:00:00,29,78,1.2,99,5.6,N,> 10 km,Hujan Ringan,Light Rain,
Pringsewu,18.10.01.1001,Lampung,Pringsewu,Pringsewu,Fajaresuk,-5.3539753253,104.9568307967,2026-03-30 09:00:00,2026-03-30 16:00:00,2026-03-27T12:00:00,24,92,1.2,96,1.3,S,> 10 km,Hujan Ringan,Light Rain,
Pringsewu,18.10.01.1001,Lampung,Pringsewu,Pringsewu,Fajaresuk,-5.3539753253,104.9568307967,2026-03-30 12:00:00,2026-03-30 19:00:00,2026-03-27T12:00:00,24,95,0.0,97,1.3,S,> 10 km,Berawan,Mostly Cloudy,
Pringsewu,18.10.01.1001,Lampung,Pringsewu,Pringsewu,Fajaresuk,-5.3539753253,104.9568307967,2026-03-30 15:00:00,2026-03-30 22:00:00,2026-03-27T12:00:00,23,96,0.0,100,1.3,SE,< 9 km,Berawan,Mostly Cloudy,
Mesuji,18.11.01.2001,Lampung,Mesuji,Mesuji,Wiralaga I,-3.8562483933,105.4702391111,2026-03-28 00:00:00,2026-03-28 07:00:00,2026-03-27T12:00:00,24,95,0.0,86,4.9,S,< 10 km,Cerah Berawan,Partly Cloudy,
Mesuji,18.11.01.2001,Lampung,Mesuji,Mesuji,Wiralaga I,-3.8562483933,105.4702391111,2026-03-28 03:00:00,2026-03-28 10:00:00,2026-03-27T12:00:00,28,80,0.3,92,4.6,NW,> 10 km,Berawan,Mostly Cloudy,
Mesuji,18.11.01.2001,Lampung,Mesuji,Mesuji,Wiralaga I,-3.8562483933,105.4702391111,2026-03-28 06:00:00,2026-03-28 13:00:00,2026-03-27T12:00:00,29,76,0.1,99,3.1,NE,> 10 km,Berawan,Mostly Cloudy,
Mesuji,18.11.01.2001,Lampung,Mesuji,Mesuji,Wiralaga I,-3.8562483933,105.4702391111,2026-03-28 09:00:00,2026-03-28 16:00:00,2026-03-27T12:00:00,28,82,0.9,97,5.2,N,> 10 km,Berawan,Mostly Cloudy,
Mesuji,18.11.01.2001,Lampung,Mesuji,Mesuji,Wiralaga I,-3.8562483933,105.4702391111,2026-03-28 12:00:00,2026-03-28 19:00:00,2026-03-27T12:00:00,25,98,0.1,100,3.0,SW,> 10 km,Berawan,Mostly Cloudy,
Mesuji,18.11.01.2001,Lampung,Mesuji,Mesuji,Wiralaga I,-3.8562483933,105.4702391111,2026-03-28 15:00:00,2026-03-28 22:00:00,2026-03-27T12:00:00,24,98,0.0,100,0.6,S,> 10 km,Berawan,Mostly Cloudy,
Mesuji,18.11.01.2001,Lampung,Mesuji,Mesuji,Wiralaga I,-3.8562483933,105.4702391111,2026-03-28 18:00:00,2026-03-29 01:00:00,2026-03-27T12:00:00,24,99,0.0,100,1.3,SW,> 10 km,Berawan,Mostly Cloudy,
Mesuji,18.11.01.2001,Lampung,Mesuji,Mesuji,Wiralaga I,-3.8562483933,105.4702391111,2026-03-28 21:00:00,2026-03-29 04:00:00,2026-03-27T12:00:00,23,99,1.1,100,2.0,S,< 6 km,Hujan Ringan,Light Rain,
Mesuji,18.11.01.2001,Lampung,Mesuji,Mesuji,Wiralaga I,-3.8562483933,105.4702391111,2026-03-29 00:00:00,2026-03-29 07:00:00,2026-03-27T12:00:00,25,92,0.0,95,5.3,SE,< 4 km,Udara Kabur,Mist/Haze,
Mesuji,18.11.01.2001,Lampung,Mesuji,Mesuji,Wiralaga I,-3.8562483933,105.4702391111,2026-03-29 03:00:00,2026-03-29 10:00:00,2026-03-27T12:00:00,29,76,0.1,98,3.7,NW,> 10 km,Berawan,Mostly Cloudy,
Mesuji,18.11.01.2001,Lampung,Mesuji,Mesuji,Wiralaga I,-3.8562483933,105.4702391111,2026-03-29 06:00:00,2026-03-29 13:00:00,2026-03-27T12:00:00,29,75,0.3,100,1.6,W,> 10 km,Berawan,Mostly Cloudy,
Mesuji,18.11.01.2001,Lampung,Mesuji,Mesuji,Wiralaga I,-3.8562483933,105.4702391111,2026-03-29 09:00:00,2026-03-29 16:00:00,2026-03-27T12:00:00,28,81,0.2,100,5.2,E,> 10 km,Berawan,Mostly Cloudy,
Mesuji,18.11.01.2001,Lampung,Mesuji,Mesuji,Wiralaga I,-3.8562483933,105.4702391111,2026-03-29 12:00:00,2026-03-29 19:00:00,2026-03-27T12:00:00,24,98,1.6,95,1.3,SE,> 10 km,Hujan Ringan,Light Rain,
Mesuji,18.11.01.2001,Lampung,Mesuji,Mesuji,Wiralaga I,-3.8562483933,105.4702391111,2026-03-29 15:00:00,2026-03-29 22:00:00,2026-03-27T12:00:00,24,99,0.1,91,4.7,W,< 10 km,Berawan,Mostly Cloudy,
Mesuji,18.11.01.2001,Lampung,Mesuji,Mesuji,Wiralaga I,-3.8562483933,105.4702391111,2026-03-29 18:00:00,2026-03-30 01:00:00,2026-03-27T12:00:00,24,99,0.0,100,4.8,W,< 6 km,Berawan,Mostly Cloudy,
Mesuji,18.11.01.2001,Lampung,Mesuji,Mesuji,Wiralaga I,-3.8562483933,105.4702391111,2026-03-29 21:00:00,2026-03-30 04:00:00,2026-03-27T12:00:00,23,99,0.0,100,2.4,W,< 7 km,Berawan,Mostly Cloudy,
Mesuji,18.11.01.2001,Lampung,Mesuji,Mesuji,Wiralaga I,-3.8562483933,105.4702391111,2026-03-30 00:00:00,2026-03-30 07:00:00,2026-03-27T12:00:00,25,92,0.1,93,1.1,S,< 2 km,Udara Kabur,Mist/Haze,
Mesuji,18.11.01.2001,Lampung,Mesuji,Mesuji,Wiralaga I,-3.8562483933,105.4702391111,2026-03-30 03:00:00,2026-03-30 10:00:00,2026-03-27T12:00:00,29,73,0.1,100,4.4,NE,> 10 km,Berawan,Mostly Cloudy,
Mesuji,18.11.01.2001,Lampung,Mesuji,Mesuji,Wiralaga I,-3.8562483933,105.4702391111,2026-03-30 06:00:00,2026-03-30 13:00:00,2026-03-27T12:00:00,28,78,0.2,100,4.4,NE,> 10 km,Berawan,Mostly Cloudy,
Mesuji,18.11.01.2001,Lampung,Mesuji,Mesuji,Wiralaga I,-3.8562483933,105.4702391111,2026-03-30 09:00:00,2026-03-30 16:00:00,2026-03-27T12:00:00,28,79,0.2,100,6.0,E,> 10 km,Berawan,Mostly Cloudy,
Mesuji,18.11.01.2001,Lampung,Mesuji,Mesuji,Wiralaga I,-3.8562483933,105.4702391111,2026-03-30 12:00:00,2026-03-30 19:00:00,2026-03-27T12:00:00,26,92,1.5,100,6.0,E,> 10 km,Hujan Ringan,Light Rain,
Mesuji,18.11.01.2001,Lampung,Mesuji,Mesuji,Wiralaga I,-3.8562483933,105.4702391111,2026-03-30 15:00:00,2026-03-30 22:00:00,2026-03-27T12:00:00,24,98,1.5,100,7.6,W,< 2 km,Hujan Ringan,Light Rain,
Tulang Bawang Barat,18.12.01.1001,Lampung,Tulang Bawang Barat,Tulang Bawang Tengah,Mulyo Asri,-4.628530939,105.1575663657,2026-03-28 00:00:00,2026-03-28 07:00:00,2026-03-27T12:00:00,25,90,0.1,92,6.7,N,> 10 km,Berawan,Mostly Cloudy,
Tulang Bawang Barat,18.12.01.1001,Lampung,Tulang Bawang Barat,Tulang Bawang Tengah,Mulyo Asri,-4.628530939,105.1575663657,2026-03-28 03:00:00,2026-03-28 10:00:00,2026-03-27T12:00:00,28,78,0.3,84,2.3,N,> 10 km,Cerah Berawan,Partly Cloudy,
Tulang Bawang Barat,18.12.01.1001,Lampung,Tulang Bawang Barat,Tulang Bawang Tengah,Mulyo Asri,-4.628530939,105.1575663657,2026-03-28 06:00:00,2026-03-28 13:00:00,2026-03-27T12:00:00,30,74,0.3,100,6.1,NE,> 10 km,Berawan,Mostly Cloudy,
Tulang Bawang Barat,18.12.01.1001,Lampung,Tulang Bawang Barat,Tulang Bawang Tengah,Mulyo Asri,-4.628530939,105.1575663657,2026-03-28 09:00:00,2026-03-28 16:00:00,2026-03-27T12:00:00,25,93,1.1,96,6.7,E,> 10 km,Hujan Ringan,Light Rain,
Tulang Bawang Barat,18.12.01.1001,Lampung,Tulang Bawang Barat,Tulang Bawang Tengah,Mulyo Asri,-4.628530939,105.1575663657,2026-03-28 12:00:00,2026-03-28 19:00:00,2026-03-27T12:00:00,24,96,0.3,100,4.3,SW,> 10 km,Berawan,Mostly Cloudy,
Tulang Bawang Barat,18.12.01.1001,Lampung,Tulang Bawang Barat,Tulang Bawang Tengah,Mulyo Asri,-4.628530939,105.1575663657,2026-03-28 15:00:00,2026-03-28 22:00:00,2026-03-27T12:00:00,24,98,0.0,100,1.2,NE,> 10 km,Berawan,Mostly Cloudy,
Tulang Bawang Barat,18.12.01.1001,Lampung,Tulang Bawang Barat,Tulang Bawang Tengah,Mulyo Asri,-4.628530939,105.1575663657,2026-03-28 18:00:00,2026-03-29 01:00:00,2026-03-27T12:00:00,23,99,3.3,100,3.3,W,> 10 km,Hujan Ringan,Light Rain,
Tulang Bawang Barat,18.12.01.1001,Lampung,Tulang Bawang Barat,Tulang Bawang Tengah,Mulyo Asri,-4.628530939,105.1575663657,2026-03-28 21:00:00,2026-03-29 04:00:00,2026-03-27T12:00:00,23,99,0.3,83,0.2,E,< 8 km,Petir,Thunder,
Tulang Bawang Barat,18.12.01.1001,Lampung,Tulang Bawang Barat,Tulang Bawang Tengah,Mulyo Asri,-4.628530939,105.1575663657,2026-03-29 00:00:00,2026-03-29 07:00:00,2026-03-27T12:00:00,25,90,0.1,43,2.6,NE,> 10 km,Cerah,Sunny,
Tulang Bawang Barat,18.12.01.1001,Lampung,Tulang Bawang Barat,Tulang Bawang Tengah,Mulyo Asri,-4.628530939,105.1575663657,2026-03-29 03:00:00,2026-03-29 10:00:00,2026-03-27T12:00:00,29,77,0.7,46,4.4,NW,> 10 km,Cerah,Sunny,
Tulang Bawang Barat,18.12.01.1001,Lampung,Tulang Bawang Barat,Tulang Bawang Tengah,Mulyo Asri,-4.628530939,105.1575663657,2026-03-29 06:00:00,2026-03-29 13:00:00,2026-03-27T12:00:00,31,71,1.0,100,4.8,N,> 10 km,Berawan,Mostly Cloudy,
Tulang Bawang Barat,18.12.01.1001,Lampung,Tulang Bawang Barat,Tulang Bawang Tengah,Mulyo Asri,-4.628530939,105.1575663657,2026-03-29 09:00:00,2026-03-29 16:00:00,2026-03-27T12:00:00,28,83,1.1,100,4.7,N,> 10 km,Hujan Ringan,Light Rain,
Tulang Bawang Barat,18.12.01.1001,Lampung,Tulang Bawang Barat,Tulang Bawang Tengah,Mulyo Asri,-4.628530939,105.1575663657,2026-03-29 12:00:00,2026-03-29 19:00:00,2026-03-27T12:00:00,24,97,0.4,94,8.0,S,< 8 km,Berawan,Mostly Cloudy,
Tulang Bawang Barat,18.12.01.1001,Lampung,Tulang Bawang Barat,Tulang Bawang Tengah,Mulyo Asri,-4.628530939,105.1575663657,2026-03-29 15:00:00,2026-03-29 22:00:00,2026-03-27T12:00:00,24,97,0.0,89,2.6,SE,> 10 km,Cerah Berawan,Partly Cloudy,
Tulang Bawang Barat,18.12.01.1001,Lampung,Tulang Bawang Barat,Tulang Bawang Tengah,Mulyo Asri,-4.628530939,105.1575663657,2026-03-29 18:00:00,2026-03-30 01:00:00,2026-03-27T12:00:00,23,98,0.3,100,1.5,NW,> 10 km,Berawan,Mostly Cloudy,
Tulang Bawang Barat,18.12.01.1001,Lampung,Tulang Bawang Barat,Tulang Bawang Tengah,Mulyo Asri,-4.628530939,105.1575663657,2026-03-29 21:00:00,2026-03-30 04:00:00,2026-03-27T12:00:00,23,99,0.0,100,2.3,S,> 10 km,Berawan,Mostly Cloudy,
Tulang Bawang Barat,18.12.01.1001,Lampung,Tulang Bawang Barat,Tulang Bawang Tengah,Mulyo Asri,-4.628530939,105.1575663657,2026-03-30 00:00:00,2026-03-30 07:00:00,2026-03-27T12:00:00,25,90,0.1,63,2.9,SE,> 10 km,Cerah Berawan,Partly Cloudy,
Tulang Bawang Barat,18.12.01.1001,Lampung,Tulang Bawang Barat,Tulang Bawang Tengah,Mulyo Asri,-4.628530939,105.1575663657,2026-03-30 03:00:00,2026-03-30 10:00:00,2026-03-27T12:00:00,29,72,0.1,44,7.4,NE,> 10 km,Cerah,Sunny,
Tulang Bawang Barat,18.12.01.1001,Lampung,Tulang Bawang Barat,Tulang Bawang Tengah,Mulyo Asri,-4.628530939,105.1575663657,2026-03-30 06:00:00,2026-03-30 13:00:00,2026-03-27T12:00:00,31,70,0.4,98,7.4,NE,> 10 km,Berawan,Mostly Cloudy,
Tulang Bawang Barat,18.12.01.1001,Lampung,Tulang Bawang Barat,Tulang Bawang Tengah,Mulyo Asri,-4.628530939,105.1575663657,2026-03-30 09:00:00,2026-03-30 16:00:00,2026-03-27T12:00:00,28,85,0.4,100,4.9,SE,> 10 km,Berawan,Mostly Cloudy,
Tulang Bawang Barat,18.12.01.1001,Lampung,Tulang Bawang Barat,Tulang Bawang Tengah,Mulyo Asri,-4.628530939,105.1575663657,2026-03-30 12:00:00,2026-03-30 19:00:00,2026-03-27T12:00:00,25,95,1.3,100,4.9,SE,> 10 km,Hujan Ringan,Light Rain,
Tulang Bawang Barat,18.12.01.1001,Lampung,Tulang Bawang Barat,Tulang Bawang Tengah,Mulyo Asri,-4.628530939,105.1575663657,2026-03-30 15:00:00,2026-03-30 22:00:00,2026-03-27T12:00:00,23,98,1.3,100,7.2,W,< 2 km,Hujan Ringan,Light Rain,
Pesisir Barat,18.13.01.2001,Lampung,Pesisir Barat,Pesisir Tengah,Way Redak,-5.2099963035,103.9284727241,2026-03-27 23:00:00,2026-03-28 06:00:00,2026-03-27T12:00:00,25,92,0.7,90,3.0,SE,> 10 km,Cerah Berawan,Partly Cloudy,
Pesisir Barat,18.13.01.2001,Lampung,Pesisir Barat,Pesisir Tengah,Way Redak,-5.2099963035,103.9284727241,2026-03-28 02:00:00,2026-03-28 09:00:00,2026-03-27T12:00:00,28,77,0.0,74,6.8,S,> 10 km,Cerah Berawan,Partly Cloudy,
Pesisir Barat,18.13.01.2001,Lampung,Pesisir Barat,Pesisir Tengah,Way Redak,-5.2099963035,103.9284727241,2026-03-28 05:00:00,2026-03-28 12:00:00,2026-03-27T12:00:00,28,77,0.0,93,11.6,SW,> 10 km,Berawan,Mostly Cloudy,
Pesisir Barat,18.13.01.2001,Lampung,Pesisir Barat,Pesisir Tengah,Way Redak,-5.2099963035,103.9284727241,2026-03-28 08:00:00,2026-03-28 15:00:00,2026-03-27T12:00:00,28,77,0.1,100,0.4,SE,> 10 km,Berawan,Mostly Cloudy,
Pesisir Barat,18.13.01.2001,Lampung,Pesisir Barat,Pesisir Tengah,Way Redak,-5.2099963035,103.9284727241,2026-03-28 11:00:00,2026-03-28 18:00:00,2026-03-27T12:00:00,26,84,0.1,100,4.9,W,> 10 km,Berawan,Mostly Cloudy,
Pesisir Barat,18.13.01.2001,Lampung,Pesisir Barat,Pesisir Tengah,Way Redak,-5.2099963035,103.9284727241,2026-03-28 14:00:00,2026-03-28 21:00:00,2026-03-27T12:00:00,26,88,0.3,69,6.2,N,> 10 km,Cerah Berawan,Partly Cloudy,
Pesisir Barat,18.13.01.2001,Lampung,Pesisir Barat,Pesisir Tengah,Way Redak,-5.2099963035,103.9284727241,2026-03-28 17:00:00,2026-03-29 00:00:00,2026-03-27T12:00:00,25,90,0.0,100,5.4,N,> 10 km,Berawan,Mostly Cloudy,
Pesisir Barat,18.13.01.2001,Lampung,Pesisir Barat,Pesisir Tengah,Way Redak,-5.2099963035,103.9284727241,2026-03-28 20:00:00,2026-03-29 03:00:00,2026-03-27T12:00:00,24,96,0.0,100,5.6,N,> 10 km,Berawan,Mostly Cloudy,
Pesisir Barat,18.13.01.2001,Lampung,Pesisir Barat,Pesisir Tengah,Way Redak,-5.2099963035,103.9284727241,2026-03-28 23:00:00,2026-03-29 06:00:00,2026-03-27T12:00:00,25,89,0.0,85,6.7,NE,> 10 km,Cerah Berawan,Partly Cloudy,
Pesisir Barat,18.13.01.2001,Lampung,Pesisir Barat,Pesisir Tengah,Way Redak,-5.2099963035,103.9284727241,2026-03-29 02:00:00,2026-03-29 09:00:00,2026-03-27T12:00:00,29,69,0.0,80,9.7,S,> 10 km,Cerah Berawan,Partly Cloudy,
Pesisir Barat,18.13.01.2001,Lampung,Pesisir Barat,Pesisir Tengah,Way Redak,-5.2099963035,103.9284727241,2026-03-29 05:00:00,2026-03-29 12:00:00,2026-03-27T12:00:00,29,71,0.7,99,8.2,S,> 10 km,Berawan,Mostly Cloudy,
Pesisir Barat,18.13.01.2001,Lampung,Pesisir Barat,Pesisir Tengah,Way Redak,-5.2099963035,103.9284727241,2026-03-29 08:00:00,2026-03-29 15:00:00,2026-03-27T12:00:00,29,72,1.0,97,8.1,S,> 10 km,Berawan,Mostly Cloudy,
Pesisir Barat,18.13.01.2001,Lampung,Pesisir Barat,Pesisir Tengah,Way Redak,-5.2099963035,103.9284727241,2026-03-29 11:00:00,2026-03-29 18:00:00,2026-03-27T12:00:00,28,74,0.0,99,0.8,NE,> 10 km,Berawan,Mostly Cloudy,
Pesisir Barat,18.13.01.2001,Lampung,Pesisir Barat,Pesisir Tengah,Way Redak,-5.2099963035,103.9284727241,2026-03-29 14:00:00,2026-03-29 21:00:00,2026-03-27T12:00:00,27,82,0.0,100,6.2,E,> 10 km,Berawan,Mostly Cloudy,
Pesisir Barat,18.13.01.2001,Lampung,Pesisir Barat,Pesisir Tengah,Way Redak,-5.2099963035,103.9284727241,2026-03-29 17:00:00,2026-03-30 00:00:00,2026-03-27T12:00:00,26,92,0.0,100,6.5,N,> 10 km,Berawan,Mostly Cloudy,
Pesisir Barat,18.13.01.2001,Lampung,Pesisir Barat,Pesisir Tengah,Way Redak,-5.2099963035,103.9284727241,2026-03-29 20:00:00,2026-03-30 03:00:00,2026-03-27T12:00:00,24,95,0.0,100,7.7,NE,> 10 km,Berawan,Mostly Cloudy,
Pesisir Barat,18.13.01.2001,Lampung,Pesisir Barat,Pesisir Tengah,Way Redak,-5.2099963035,103.9284727241,2026-03-29 23:00:00,2026-03-30 06:00:00,2026-03-27T12:00:00,25,89,0.0,97,8.4,NE,> 10 km,Berawan,Mostly Cloudy,
Bandar Lampung,18.71.01.1003,Lampung,Kota Bandar Lampung,Kedaton,Kedaton,-5.3833538112,105.2634916252,2026-03-28 00:00:00,2026-03-28 07:00:00,2026-03-27T12:00:00,25,90,0.1,88,5.9,W,> 10 km,Cerah Berawan,Partly Cloudy,
Bandar Lampung,18.71.01.1003,Lampung,Kota Bandar Lampung,Kedaton,Kedaton,-5.3833538112,105.2634916252,2026-03-28 03:00:00,2026-03-28 10:00:00,2026-03-27T12:00:00,29,76,0.3,90,1.2,NW,> 10 km,Berawan,Mostly Cloudy,
Bandar Lampung,18.71.01.1003,Lampung,Kota Bandar Lampung,Kedaton,Kedaton,-5.3833538112,105.2634916252,2026-03-28 06:00:00,2026-03-28 13:00:00,2026-03-27T12:00:00,27,83,2.5,100,5.4,SE,> 10 km,Hujan Ringan,Light Rain,
Bandar Lampung,18.71.01.1003,Lampung,Kota Bandar Lampung,Kedaton,Kedaton,-5.3833538112,105.2634916252,2026-03-28 09:00:00,2026-03-28 16:00:00,2026-03-27T12:00:00,25,92,0.1,100,6.9,W,< 8 km,Berawan,Mostly Cloudy,
Bandar Lampung,18.71.01.1003,Lampung,Kota Bandar Lampung,Kedaton,Kedaton,-5.3833538112,105.2634916252,2026-03-28 12:00:00,2026-03-28 19:00:00,2026-03-27T12:00:00,24,96,0.3,100,5.3,W,> 10 km,Berawan,Mostly Cloudy,
Bandar Lampung,18.71.01.1003,Lampung,Kota Bandar Lampung,Kedaton,Kedaton,-5.3833538112,105.2634916252,2026-03-28 15:00:00,2026-03-28 22:00:00,2026-03-27T12:00:00,23,97,2.0,100,0.7,NW,> 10 km,Hujan Ringan,Light Rain,
Bandar Lampung,18.71.01.1003,Lampung,Kota Bandar Lampung,Kedaton,Kedaton,-5.3833538112,105.2634916252,2026-03-28 18:00:00,2026-03-29 01:00:00,2026-03-27T12:00:00,23,97,3.3,100,3.6,W,> 10 km,Hujan Ringan,Light Rain,
Bandar Lampung,18.71.01.1003,Lampung,Kota Bandar Lampung,Kedaton,Kedaton,-5.3833538112,105.2634916252,2026-03-28 21:00:00,2026-03-29 04:00:00,2026-03-27T12:00:00,22,98,0.0,99,4.8,W,< 8 km,Berawan,Mostly Cloudy,
Bandar Lampung,18.71.01.1003,Lampung,Kota Bandar Lampung,Kedaton,Kedaton,-5.3833538112,105.2634916252,2026-03-29 00:00:00,2026-03-29 07:00:00,2026-03-27T12:00:00,24,91,0.0,92,6.0,NW,> 10 km,Berawan,Mostly Cloudy,
Bandar Lampung,18.71.01.1003,Lampung,Kota Bandar Lampung,Kedaton,Kedaton,-5.3833538112,105.2634916252,2026-03-29 03:00:00,2026-03-29 10:00:00,2026-03-27T12:00:00,29,73,0.3,90,7.8,NW,> 10 km,Cerah Berawan,Partly Cloudy,
Bandar Lampung,18.71.01.1003,Lampung,Kota Bandar Lampung,Kedaton,Kedaton,-5.3833538112,105.2634916252,2026-03-29 06:00:00,2026-03-29 13:00:00,2026-03-27T12:00:00,30,72,0.3,100,5.5,N,> 10 km,Berawan,Mostly Cloudy,
Bandar Lampung,18.71.01.1003,Lampung,Kota Bandar Lampung,Kedaton,Kedaton,-5.3833538112,105.2634916252,2026-03-29 09:00:00,2026-03-29 16:00:00,2026-03-27T12:00:00,26,86,0.4,100,11.2,E,> 10 km,Berawan,Mostly Cloudy,
Bandar Lampung,18.71.01.1003,Lampung,Kota Bandar Lampung,Kedaton,Kedaton,-5.3833538112,105.2634916252,2026-03-29 12:00:00,2026-03-29 19:00:00,2026-03-27T12:00:00,24,94,0.3,93,3.1,W,> 10 km,Berawan,Mostly Cloudy,
Bandar Lampung,18.71.01.1003,Lampung,Kota Bandar Lampung,Kedaton,Kedaton,-5.3833538112,105.2634916252,2026-03-29 15:00:00,2026-03-29 22:00:00,2026-03-27T12:00:00,23,96,0.2,87,4.4,W,> 10 km,Cerah Berawan,Partly Cloudy,
Bandar Lampung,18.71.01.1003,Lampung,Kota Bandar Lampung,Kedaton,Kedaton,-5.3833538112,105.2634916252,2026-03-29 18:00:00,2026-03-30 01:00:00,2026-03-27T12:00:00,23,98,0.0,98,2.2,NW,< 6 km,Berawan,Mostly Cloudy,
Bandar Lampung,18.71.01.1003,Lampung,Kota Bandar Lampung,Kedaton,Kedaton,-5.3833538112,105.2634916252,2026-03-29 21:00:00,2026-03-30 04:00:00,2026-03-27T12:00:00,22,98,0.0,97,3.0,W,< 10 km,Berawan,Mostly Cloudy,
Bandar Lampung,18.71.01.1003,Lampung,Kota Bandar Lampung,Kedaton,Kedaton,-5.3833538112,105.2634916252,2026-03-30 00:00:00,2026-03-30 07:00:00,2026-03-27T12:00:00,25,91,0.2,99,1.8,E,< 5 km,Udara Kabur,Mist/Haze,
Bandar Lampung,18.71.01.1003,Lampung,Kota Bandar Lampung,Kedaton,Kedaton,-5.3833538112,105.2634916252,2026-03-30 03:00:00,2026-03-30 10:00:00,2026-03-27T12:00:00,29,72,0.2,100,7.1,NE,> 10 km,Berawan,Mostly Cloudy,
Bandar Lampung,18.71.01.1003,Lampung,Kota Bandar Lampung,Kedaton,Kedaton,-5.3833538112,105.2634916252,2026-03-30 06:00:00,2026-03-30 13:00:00,2026-03-27T12:00:00,30,72,0.4,100,7.1,NE,> 10 km,Berawan,Mostly Cloudy,
Bandar Lampung,18.71.01.1003,Lampung,Kota Bandar Lampung,Kedaton,Kedaton,-5.3833538112,105.2634916252,2026-03-30 09:00:00,2026-03-30 16:00:00,2026-03-27T12:00:00,26,85,0.4,97,1.8,SE,> 10 km,Berawan,Mostly Cloudy,
Bandar Lampung,18.71.01.1003,Lampung,Kota Bandar Lampung,Kedaton,Kedaton,-5.3833538112,105.2634916252,2026-03-30 12:00:00,2026-03-30 19:00:00,2026-03-27T12:00:00,24,95,0.1,98,1.8,SE,> 10 km,Berawan,Mostly Cloudy,
Bandar Lampung,18.71.01.1003,Lampung,Kota Bandar Lampung,Kedaton,Kedaton,-5.3833538112,105.2634916252,2026-03-30 15:00:00,2026-03-30 22:00:00,2026-03-27T12:00:00,24,92,0.1,100,5.4,N,> 10 km,Berawan,Mostly Cloudy,
Metro,18.72.01.1001,Lampung,Kota Metro,Metro Pusat,Metro,-5.121654664,105.3044740898,2026-03-27 23:00:00,2026-03-28 06:00:00,2026-03-27T12:00:00,24,95,0.3,93,6.9,W,> 10 km,Berawan,Mostly Cloudy,
Metro,18.72.01.1001,Lampung,Kota Metro,Metro Pusat,Metro,-5.121654664,105.3044740898,2026-03-28 02:00:00,2026-03-28 09:00:00,2026-03-27T12:00:00,27,80,0.0,83,1.9,NW,> 10 km,Cerah Berawan,Partly Cloudy,
Metro,18.72.01.1001,Lampung,Kota Metro,Metro Pusat,Metro,-5.121654664,105.3044740898,2026-03-28 05:00:00,2026-03-28 12:00:00,2026-03-27T12:00:00,29,78,0.3,97,4.7,NE,> 10 km,Berawan,Mostly Cloudy,
Metro,18.72.01.1001,Lampung,Kota Metro,Metro Pusat,Metro,-5.121654664,105.3044740898,2026-03-28 08:00:00,2026-03-28 15:00:00,2026-03-27T12:00:00,24,91,2.0,100,16.8,S,< 7 km,Hujan Ringan,Light Rain,
Metro,18.72.01.1001,Lampung,Kota Metro,Metro Pusat,Metro,-5.121654664,105.3044740898,2026-03-28 11:00:00,2026-03-28 18:00:00,2026-03-27T12:00:00,24,95,2.1,100,3.8,W,> 10 km,Hujan Ringan,Light Rain,
Metro,18.72.01.1001,Lampung,Kota Metro,Metro Pusat,Metro,-5.121654664,105.3044740898,2026-03-28 14:00:00,2026-03-28 21:00:00,2026-03-27T12:00:00,24,95,0.3,100,2.4,NW,> 10 km,Berawan,Mostly Cloudy,
Metro,18.72.01.1001,Lampung,Kota Metro,Metro Pusat,Metro,-5.121654664,105.3044740898,2026-03-28 17:00:00,2026-03-29 00:00:00,2026-03-27T12:00:00,23,98,0.0,100,3.5,W,> 10 km,Berawan,Mostly Cloudy,
Metro,18.72.01.1001,Lampung,Kota Metro,Metro Pusat,Metro,-5.121654664,105.3044740898,2026-03-28 20:00:00,2026-03-29 03:00:00,2026-03-27T12:00:00,23,99,3.3,93,1.1,W,> 10 km,Hujan Ringan,Light Rain,
Metro,18.72.01.1001,Lampung,Kota Metro,Metro Pusat,Metro,-5.121654664,105.3044740898,2026-03-28 23:00:00,2026-03-29 06:00:00,2026-03-27T12:00:00,23,99,0.3,100,4.5,N,< 4 km,Udara Kabur,Mist/Haze,
Metro,18.72.01.1001,Lampung,Kota Metro,Metro Pusat,Metro,-5.121654664,105.3044740898,2026-03-29 02:00:00,2026-03-29 09:00:00,2026-03-27T12:00:00,27,80,0.0,84,3.6,NW,> 10 km,Cerah Berawan,Partly Cloudy,
Metro,18.72.01.1001,Lampung,Kota Metro,Metro Pusat,Metro,-5.121654664,105.3044740898,2026-03-29 05:00:00,2026-03-29 12:00:00,2026-03-27T12:00:00,30,75,0.7,100,6.3,N,> 10 km,Berawan,Mostly Cloudy,
Metro,18.72.01.1001,Lampung,Kota Metro,Metro Pusat,Metro,-5.121654664,105.3044740898,2026-03-29 08:00:00,2026-03-29 15:00:00,2026-03-27T12:00:00,29,75,0.3,83,3.9,NE,> 10 km,Cerah Berawan,Partly Cloudy,
Metro,18.72.01.1001,Lampung,Kota Metro,Metro Pusat,Metro,-5.121654664,105.3044740898,2026-03-29 11:00:00,2026-03-29 18:00:00,2026-03-27T12:00:00,26,92,0.4,100,2.0,SW,> 10 km,Berawan,Mostly Cloudy,
Metro,18.72.01.1001,Lampung,Kota Metro,Metro Pusat,Metro,-5.121654664,105.3044740898,2026-03-29 14:00:00,2026-03-29 21:00:00,2026-03-27T12:00:00,24,96,1.0,78,0.7,W,> 10 km,Cerah Berawan,Partly Cloudy,
Metro,18.72.01.1001,Lampung,Kota Metro,Metro Pusat,Metro,-5.121654664,105.3044740898,2026-03-29 17:00:00,2026-03-30 00:00:00,2026-03-27T12:00:00,23,97,0.6,100,1.6,SW,< 8 km,Berawan,Mostly Cloudy,
Metro,18.72.01.1001,Lampung,Kota Metro,Metro Pusat,Metro,-5.121654664,105.3044740898,2026-03-29 20:00:00,2026-03-30 03:00:00,2026-03-27T12:00:00,22,98,0.1,100,2.8,SW,> 10 km,Berawan,Mostly Cloudy,
Metro,18.72.01.1001,Lampung,Kota Metro,Metro Pusat,Metro,-5.121654664,105.3044740898,2026-03-29 23:00:00,2026-03-30 06:00:00,2026-03-27T12:00:00,23,98,0.0,94,2.5,S,< 9 km,Berawan,Mostly Cloudy,
